isolate_id,species,reason
AB026,Acinetobacter baumannii,unsupported_species
AB038,Acinetobacter baumannii,unsupported_species
AB056,Acinetobacter baumannii,unsupported_species
AB061,Acinetobacter baumannii,unsupported_species
AB072,Acinetobacter baumannii,unsupported_species
AB073,Acinetobacter baumannii,unsupported_species
AB076,Acinetobacter baumannii,unsupported_species
AB095,Acinetobacter baumannii,unsupported_species
AB099,Acinetobacter baumannii,unsupported_species
AB110,Acinetobacter baumannii,unsupported_species
AB112,Acinetobacter baumannii,unsupported_species
AB114,Acinetobacter baumannii,unsupported_species
AB115,Acinetobacter baumannii,unsupported_species
AB116,Acinetobacter baumannii,unsupported_species
AB117,Acinetobacter baumannii,unsupported_species
AB134,Acinetobacter baumannii,unsupported_species
AB144,Acinetobacter baumannii,unsupported_species
AB145,Acinetobacter baumannii,unsupported_species
AB146,Acinetobacter baumannii,unsupported_species
AB147,Acinetobacter baumannii,unsupported_species
AB148,Acinetobacter baumannii,unsupported_species
AB149,Acinetobacter baumannii,unsupported_species
AB150,Acinetobacter baumannii,unsupported_species
AB165,Acinetobacter baumannii,unsupported_species
AB166,Acinetobacter baumannii,unsupported_species
AB167,Acinetobacter baumannii,unsupported_species
AB176,Acinetobacter baumannii,unsupported_species
AB177,Acinetobacter baumannii,unsupported_species
AB178,Acinetobacter baumannii,unsupported_species
AB190,Acinetobacter baumannii,unsupported_species
AB191,Acinetobacter baumannii,unsupported_species
AB192,Acinetobacter baumannii,unsupported_species
AB200,Acinetobacter baumannii,unsupported_species
AB203,Acinetobacter baumannii,unsupported_species
AB205,Acinetobacter baumannii,unsupported_species
AB206,Acinetobacter baumannii,unsupported_species
ABBN197,Acinetobacter baumannii,unsupported_species
ABBN201,Acinetobacter baumannii,unsupported_species
ABBN23,Acinetobacter baumannii,unsupported_species
ABBN27,Acinetobacter baumannii,unsupported_species
ABBN48,Acinetobacter baumannii,unsupported_species
ABBN49,Acinetobacter baumannii,unsupported_species
ABEN183,Acinetobacter baumannii,unsupported_species
ABN1,Acinetobacter baumannii,unsupported_species
ABN28,Acinetobacter baumannii,unsupported_species
BC135,Burkholderia cepacia,unsupported_species
BC136,Burkholderia cepacia,unsupported_species
BC137,Burkholderia cepacia,unsupported_species
BC138,Burkholderia cepacia,unsupported_species
EBC139,Enterobacter cloacae,unsupported_species
EBC140,Enterobacter cloacae,unsupported_species
EC001,Escherichia coli,no_numeric_MIC_panel
EC003,Escherichia coli,no_numeric_MIC_panel
EC004,Escherichia coli,no_numeric_MIC_panel
EC010,Escherichia coli,no_numeric_MIC_panel
EC020,Escherichia coli,no_numeric_MIC_panel
EC031,Escherichia coli,no_numeric_MIC_panel
EC040,Escherichia coli,no_numeric_MIC_panel
EC063,Escherichia coli,no_numeric_MIC_panel
EC070,Escherichia coli,no_numeric_MIC_panel
EC071,Escherichia coli,no_numeric_MIC_panel
EC075,Escherichia coli,no_numeric_MIC_panel
EC084,Escherichia coli,no_numeric_MIC_panel
EC094,Escherichia coli,no_numeric_MIC_panel
EC098,Escherichia coli,no_numeric_MIC_panel
EC113,Escherichia coli,no_numeric_MIC_panel
EC119,Escherichia coli,no_numeric_MIC_panel
EC155,Escherichia coli,no_numeric_MIC_panel
EC156,Escherichia coli,no_numeric_MIC_panel
EC163,Escherichia coli,no_numeric_MIC_panel
EC168,Escherichia coli,no_numeric_MIC_panel
EC180,Escherichia coli,no_numeric_MIC_panel
EC181,Escherichia coli,no_numeric_MIC_panel
EC202,Escherichia coli,no_numeric_MIC_panel
EC209,Escherichia coli,no_numeric_MIC_panel
ECBN188,Escherichia coli,no_numeric_MIC_panel
ECBN2,Escherichia coli,no_numeric_MIC_panel
ECBN26,Escherichia coli,no_numeric_MIC_panel
ECBN29,Escherichia coli,no_numeric_MIC_panel
ECBN3,Escherichia coli,no_numeric_MIC_panel
ECBN31,Escherichia coli,no_numeric_MIC_panel
ECBN32,Escherichia coli,no_numeric_MIC_panel
ECBN36,Escherichia coli,no_numeric_MIC_panel
ECBN39,Escherichia coli,no_numeric_MIC_panel
ECBN45,Escherichia coli,no_numeric_MIC_panel
ECBN46,Escherichia coli,no_numeric_MIC_panel
ECBN47,Escherichia coli,no_numeric_MIC_panel
ECBN51,Escherichia coli,no_numeric_MIC_panel
ECBN52,Escherichia coli,no_numeric_MIC_panel
ECUN158,Escherichia coli,no_numeric_MIC_panel
ECUN162,Escherichia coli,no_numeric_MIC_panel
ECUN68,Escherichia coli,no_numeric_MIC_panel
ECUN70,Escherichia coli,no_numeric_MIC_panel
ECUN72,Escherichia coli,no_numeric_MIC_panel
ECUN76,Escherichia coli,no_numeric_MIC_panel
ECUN78,Escherichia coli,no_numeric_MIC_panel
ECUN98,Escherichia coli,no_numeric_MIC_panel
ECUN99,Escherichia coli,no_numeric_MIC_panel
EFM048,Enterococci,unsupported_species
EFM065,Enterococci,unsupported_species
EFM066,Enterococci,unsupported_species
EFM069,Enterococci,unsupported_species
EFM100,Enterococci,unsupported_species
EFM101,Enterococci,unsupported_species
EFM104,Enterococci,unsupported_species
EFM125,Enterococci,unsupported_species
EFM126,Enterococci,unsupported_species
EFM159,Enterococci,unsupported_species
EFM173,Enterococci,unsupported_species
EFM174,Enterococci,unsupported_species
EFP1,Enterococci,unsupported_species
EFP4,Enterococci,unsupported_species
EFP5,Enterococci,unsupported_species
EFP6,Enterococci,unsupported_species
EFUP119,Enterococci,unsupported_species
ESPUP117,Enterococci,unsupported_species
ESPUP118,Enterococci,unsupported_species
KP005,Klebsiella pneumoniae,no_numeric_MIC_panel
KP009,Klebsiella pneumoniae,no_numeric_MIC_panel
KP018,Klebsiella pneumoniae,no_numeric_MIC_panel
KP021,Klebsiella pneumoniae,no_numeric_MIC_panel
KP022,Klebsiella pneumoniae,no_numeric_MIC_panel
KP023,Klebsiella pneumoniae,no_numeric_MIC_panel
KP024,Klebsiella pneumoniae,no_numeric_MIC_panel
KP025,Klebsiella pneumoniae,no_numeric_MIC_panel
KP029,Klebsiella pneumoniae,no_numeric_MIC_panel
KP030,Klebsiella pneumoniae,no_numeric_MIC_panel
KP033,Klebsiella pneumoniae,no_numeric_MIC_panel
KP034,Klebsiella pneumoniae,no_numeric_MIC_panel
KP037,Klebsiella pneumoniae,no_numeric_MIC_panel
KP039,Klebsiella pneumoniae,no_numeric_MIC_panel
KP047,Klebsiella pneumoniae,no_numeric_MIC_panel
KP049,Klebsiella pneumoniae,no_numeric_MIC_panel
KP050,Klebsiella pneumoniae,no_numeric_MIC_panel
KP051,Klebsiella pneumoniae,no_numeric_MIC_panel
KP052,Klebsiella pneumoniae,no_numeric_MIC_panel
KP053,Klebsiella pneumoniae,no_numeric_MIC_panel
KP054,Klebsiella pneumoniae,no_numeric_MIC_panel
KP055,Klebsiella pneumoniae,no_numeric_MIC_panel
KP062,Klebsiella pneumoniae,no_numeric_MIC_panel
KP079,Klebsiella pneumoniae,no_numeric_MIC_panel
KP080,Klebsiella pneumoniae,no_numeric_MIC_panel
KP081,Klebsiella pneumoniae,no_numeric_MIC_panel
KP085,Klebsiella pneumoniae,no_numeric_MIC_panel
KP086,Klebsiella pneumoniae,no_numeric_MIC_panel
KP087,Klebsiella pneumoniae,no_numeric_MIC_panel
KP088,Klebsiella pneumoniae,no_numeric_MIC_panel
KP089,Klebsiella pneumoniae,no_numeric_MIC_panel
KP090,Klebsiella pneumoniae,no_numeric_MIC_panel
KP091,Klebsiella pneumoniae,no_numeric_MIC_panel
KP093,Klebsiella pneumoniae,no_numeric_MIC_panel
KP169,Klebsiella pneumoniae,no_numeric_MIC_panel
KP201,Klebsiella pneumoniae,no_numeric_MIC_panel
KP208,Klebsiella pneumoniae,no_numeric_MIC_panel
KP210,Klebsiella pneumoniae,no_numeric_MIC_panel
KPBN17,Klebsiella pneumoniae,no_numeric_MIC_panel
KPBN19,Klebsiella pneumoniae,no_numeric_MIC_panel
KPBN20,Klebsiella pneumoniae,no_numeric_MIC_panel
KPBN21,Klebsiella pneumoniae,no_numeric_MIC_panel
KPBN22,Klebsiella pneumoniae,no_numeric_MIC_panel
KPBN24,Klebsiella pneumoniae,no_numeric_MIC_panel
KPBN30,Klebsiella pneumoniae,no_numeric_MIC_panel
KPBN35,Klebsiella pneumoniae,no_numeric_MIC_panel
KPBN37,Klebsiella pneumoniae,no_numeric_MIC_panel
KPBN38,Klebsiella pneumoniae,no_numeric_MIC_panel
KPBN40,Klebsiella pneumoniae,no_numeric_MIC_panel
KPBN41,Klebsiella pneumoniae,no_numeric_MIC_panel
KPBN42,Klebsiella pneumoniae,no_numeric_MIC_panel
KPBN71,Klebsiella pneumoniae,no_numeric_MIC_panel
KPBN77,Klebsiella pneumoniae,no_numeric_MIC_panel
KPN24,Klebsiella pneumoniae,no_numeric_MIC_panel
KPN27,Klebsiella pneumoniae,no_numeric_MIC_panel
KPN34,Klebsiella pneumoniae,no_numeric_MIC_panel
KPN9,Klebsiella pneumoniae,no_numeric_MIC_panel
KPUN101,Klebsiella pneumoniae,no_numeric_MIC_panel
KPUN104,Klebsiella pneumoniae,no_numeric_MIC_panel
KPUN131,Klebsiella pneumoniae,no_numeric_MIC_panel
KPUN154,Klebsiella pneumoniae,no_numeric_MIC_panel
KPUN55,Klebsiella pneumoniae,no_numeric_MIC_panel
KPUN62,Klebsiella pneumoniae,no_numeric_MIC_panel
KPUN63,Klebsiella pneumoniae,no_numeric_MIC_panel
KPUN74,Klebsiella pneumoniae,no_numeric_MIC_panel
KPUN75,Klebsiella pneumoniae,no_numeric_MIC_panel
KPUN80,Klebsiella pneumoniae,no_numeric_MIC_panel
KPUN81,Klebsiella pneumoniae,no_numeric_MIC_panel
KPUN82,Klebsiella pneumoniae,no_numeric_MIC_panel
PA011,Pseudomonas aeruginosa,unsupported_species
PA041,Pseudomonas aeruginosa,unsupported_species
PA042,Pseudomonas aeruginosa,unsupported_species
PA043,Pseudomonas aeruginosa,unsupported_species
PA045,Pseudomonas aeruginosa,unsupported_species
PA046,Pseudomonas aeruginosa,unsupported_species
PA057,Pseudomonas aeruginosa,unsupported_species
PA058,Pseudomonas aeruginosa,unsupported_species
PA059,Pseudomonas aeruginosa,unsupported_species
PA060,Pseudomonas aeruginosa,unsupported_species
PA077,Pseudomonas aeruginosa,unsupported_species
PA082,Pseudomonas aeruginosa,unsupported_species
PA083,Pseudomonas aeruginosa,unsupported_species
PA096,Pseudomonas aeruginosa,unsupported_species
PA108,Pseudomonas aeruginosa,unsupported_species
PA109,Pseudomonas aeruginosa,unsupported_species
PA118,Pseudomonas aeruginosa,unsupported_species
PA120,Pseudomonas aeruginosa,unsupported_species
PA129,Pseudomonas aeruginosa,unsupported_species
PA133,Pseudomonas aeruginosa,unsupported_species
PA152,Pseudomonas aeruginosa,unsupported_species
PA170,Pseudomonas aeruginosa,unsupported_species
PA171,Pseudomonas aeruginosa,unsupported_species
PA172,Pseudomonas aeruginosa,unsupported_species
PA188,Pseudomonas aeruginosa,unsupported_species
PA189,Pseudomonas aeruginosa,unsupported_species
PA193,Pseudomonas aeruginosa,unsupported_species
PA194,Pseudomonas aeruginosa,unsupported_species
PA195,Pseudomonas aeruginosa,unsupported_species
PA204,Pseudomonas aeruginosa,unsupported_species
PA207,Pseudomonas aeruginosa,unsupported_species
PABN43,Pseudomonas aeruginosa,unsupported_species
PAN30,Pseudomonas aeruginosa,unsupported_species
PAN35,Pseudomonas aeruginosa,unsupported_species
PAN5,Pseudomonas aeruginosa,unsupported_species
PAUN135,Pseudomonas aeruginosa,unsupported_species
PAUN165,Pseudomonas aeruginosa,unsupported_species
PAUN178,Pseudomonas aeruginosa,unsupported_species
PAUN179,Pseudomonas aeruginosa,unsupported_species
PAUN192,Pseudomonas aeruginosa,unsupported_species
PAUN193,Pseudomonas aeruginosa,unsupported_species
PM131,Proteus mirabilis,unsupported_species
PM141,Proteus mirabilis,unsupported_species
PM151,Proteus mirabilis,unsupported_species
PM154,Proteus mirabilis,unsupported_species
PM182,Proteus mirabilis,unsupported_species
PM183,Proteus mirabilis,unsupported_species
PM185,Proteus mirabilis,unsupported_species
PR130,Providencia rettgeri,unsupported_species
PR184,Providencia rettgeri,unsupported_species
PR186,Providencia rettgeri,unsupported_species
SA064,Staphylococcus aureus,unsupported_species
SA067,Staphylococcus aureus,unsupported_species
SA068,Staphylococcus aureus,unsupported_species
SA102,Staphylococcus aureus,unsupported_species
SA103,Staphylococcus aureus,unsupported_species
SA105,Staphylococcus aureus,unsupported_species
SA106,Staphylococcus aureus,unsupported_species
SA107,Staphylococcus aureus,unsupported_species
SA121,Staphylococcus aureus,unsupported_species
SA122,Staphylococcus aureus,unsupported_species
SA123,Staphylococcus aureus,unsupported_species
SA124,Staphylococcus aureus,unsupported_species
SA127,Staphylococcus aureus,unsupported_species
SA158,Staphylococcus aureus,unsupported_species
SA160,Staphylococcus aureus,unsupported_species
SA161,Staphylococcus aureus,unsupported_species
SA175,Staphylococcus aureus,unsupported_species
SA196,Staphylococcus aureus,unsupported_species
SA197,Staphylococcus aureus,unsupported_species
SABP186,Staphylococcus aureus,unsupported_species
SAPP121,Staphylococcus aureus,unsupported_species
SAPP138,Staphylococcus aureus,unsupported_species
SAPP139,Staphylococcus aureus,unsupported_species
SAPP140,Staphylococcus aureus,unsupported_species
SAPP171,Staphylococcus aureus,unsupported_species
SAPP172,Staphylococcus aureus,unsupported_species
SAPP174,Staphylococcus aureus,unsupported_species
SAUP169,Staphylococcus aureus,unsupported_species
SP128,Streptococcus pneumoniae,unsupported_species
