model,n,resistant,nonresistant,prevalence,threshold,auroc,average_precision,brier,log_loss,sensitivity,specificity,balanced_accuracy,ppv,npv,accuracy,false_negative_fraction_R,tn,fp,fn,tp,phase
prevalence,417,185,232,0.44364508393285373,0.5,0.4981943150046598,0.4427103675461511,0.24682785003538152,0.686789460428442,0.0,1.0,0.5,,0.5563549160671463,0.5563549160671463,1.0,232,0,185,0,training_grouped_OOF
species_only,417,185,232,0.44364508393285373,0.5,0.5160065237651444,0.4529942266829713,0.24697276929385178,0.687088410232316,0.0,1.0,0.5,,0.5563549160671463,0.5563549160671463,1.0,232,0,185,0,training_grouped_OOF
missingness_only,417,185,232,0.44364508393285373,0.5,0.5044151910531222,0.4567208873365266,0.2487955910070671,0.6909200361455851,0.08648648648648649,0.9181034482758621,0.5022949673811743,0.45714285714285713,0.5575916230366492,0.5491606714628298,0.9135135135135135,213,19,169,16,training_grouped_OOF
logistic_C0.1,417,185,232,0.44364508393285373,0.5,0.8250349487418452,0.7879256596009575,0.16924116550844198,0.508621879430487,0.6702702702702703,0.7801724137931034,0.7252213420316869,0.7085714285714285,0.7479338842975206,0.7314148681055156,0.32972972972972975,181,51,61,124,training_grouped_OOF
logistic_C1.0,417,185,232,0.44364508393285373,0.5,0.8232875116495807,0.785731191289529,0.17085616010072496,0.5128718555532918,0.6756756756756757,0.7887931034482759,0.7322343895619758,0.7183908045977011,0.7530864197530864,0.7386091127098321,0.32432432432432434,183,49,60,125,training_grouped_OOF
forest_depth4,417,185,232,0.44364508393285373,0.5,0.8169501397949674,0.7800701648953647,0.17934458335947903,0.5397110664743132,0.6594594594594595,0.8060344827586207,0.7327469711090401,0.7305389221556886,0.748,0.7410071942446043,0.34054054054054056,187,45,63,122,training_grouped_OOF
forest_depth8,417,185,232,0.44364508393285373,0.5,0.8175559179869525,0.7756661136659113,0.17538044794610727,0.5274613906054049,0.654054054054054,0.7931034482758621,0.7235787511649581,0.7159763313609467,0.7419354838709677,0.7314148681055156,0.34594594594594597,184,48,64,121,training_grouped_OOF
boost_leaves7,417,185,232,0.44364508393285373,0.5,0.7937441752096925,0.7301764615746245,0.1887693958156086,0.5658048781946833,0.6594594594594595,0.7844827586206896,0.7219711090400746,0.7093023255813954,0.7428571428571429,0.7290167865707434,0.34054054054054056,182,50,63,122,training_grouped_OOF
boost_leaves15,417,185,232,0.44364508393285373,0.5,0.8015959925442684,0.7386335896071189,0.1866554202242063,0.5609467494933138,0.654054054054054,0.7887931034482759,0.7214235787511649,0.711764705882353,0.7408906882591093,0.7290167865707434,0.34594594594594597,183,49,64,121,training_grouped_OOF
