precision,recall
0.46638655462184875,1.0
0.46835443037974683,1.0
0.4703389830508475,1.0
0.4723404255319149,1.0
0.47435897435897434,1.0
0.47639484978540775,1.0
0.47844827586206895,1.0
0.4805194805194805,1.0
0.4826086956521739,1.0
0.4847161572052402,1.0
0.4868421052631579,1.0
0.4889867841409692,1.0
0.4911504424778761,1.0
0.49333333333333335,1.0
0.4955357142857143,1.0
0.4977578475336323,1.0
0.5,1.0
0.502262443438914,1.0
0.5045454545454545,1.0
0.5068493150684932,1.0
0.5091743119266054,1.0
0.5069124423963134,0.990990990990991
0.5092592592592593,0.990990990990991
0.5116279069767442,0.990990990990991
0.514018691588785,0.990990990990991
0.5164319248826291,0.990990990990991
0.5188679245283019,0.990990990990991
0.5213270142180095,0.990990990990991
0.5190476190476191,0.9819819819819819
0.5215311004784688,0.9819819819819819
0.5240384615384616,0.9819819819819819
0.5265700483091788,0.9819819819819819
0.529126213592233,0.9819819819819819
0.5294117647058824,0.972972972972973
0.5320197044334976,0.972972972972973
0.5346534653465347,0.972972972972973
0.5373134328358209,0.972972972972973
0.54,0.972972972972973
0.542713567839196,0.972972972972973
0.5454545454545454,0.972972972972973
0.5482233502538071,0.972972972972973
0.5510204081632653,0.972972972972973
0.5538461538461539,0.972972972972973
0.5567010309278351,0.972972972972973
0.5595854922279793,0.972972972972973
0.5625,0.972972972972973
0.5654450261780105,0.972972972972973
0.5684210526315789,0.972972972972973
0.5661375661375662,0.963963963963964
0.5691489361702128,0.963963963963964
0.5721925133689839,0.963963963963964
0.5752688172043011,0.963963963963964
0.5783783783783784,0.963963963963964
0.5760869565217391,0.954954954954955
0.5792349726775956,0.954954954954955
0.5824175824175825,0.954954954954955
0.585635359116022,0.954954954954955
0.5865921787709497,0.9459459459459459
0.5898876404494382,0.9459459459459459
0.5932203389830508,0.9459459459459459
0.5909090909090909,0.9369369369369369
0.5942857142857143,0.9369369369369369
0.5919540229885057,0.9279279279279279
0.5953757225433526,0.9279279279279279
0.5930232558139535,0.918918918918919
0.5964912280701754,0.918918918918919
0.6,0.918918918918919
0.6035502958579881,0.918918918918919
0.6011904761904762,0.9099099099099099
0.6047904191616766,0.9099099099099099
0.608433734939759,0.9099099099099099
0.6121212121212121,0.9099099099099099
0.6158536585365854,0.9099099099099099
0.6234567901234568,0.9099099099099099
0.6273291925465838,0.9099099099099099
0.63125,0.9099099099099099
0.6352201257861635,0.9099099099099099
0.6329113924050633,0.9009009009009009
0.6305732484076433,0.8918918918918919
0.6346153846153846,0.8918918918918919
0.6387096774193548,0.8918918918918919
0.6428571428571429,0.8918918918918919
0.6405228758169934,0.8828828828828829
0.6447368421052632,0.8828828828828829
0.6490066225165563,0.8828828828828829
0.6466666666666666,0.8738738738738738
0.6442953020134228,0.8648648648648649
0.6486486486486487,0.8648648648648649
0.6530612244897959,0.8648648648648649
0.6575342465753424,0.8648648648648649
0.6551724137931034,0.8558558558558559
0.6597222222222222,0.8558558558558559
0.6643356643356644,0.8558558558558559
0.6619718309859155,0.8468468468468469
0.6666666666666666,0.8468468468468469
0.6714285714285714,0.8468468468468469
0.6762589928057554,0.8468468468468469
0.6811594202898551,0.8468468468468469
0.6861313868613139,0.8468468468468469
0.6838235294117647,0.8378378378378378
0.6814814814814815,0.8288288288288288
0.6791044776119403,0.8198198198198198
0.6766917293233082,0.8108108108108109
0.6818181818181818,0.8108108108108109
0.6870229007633588,0.8108108108108109
0.6923076923076923,0.8108108108108109
0.689922480620155,0.8018018018018018
0.6953125,0.8018018018018018
0.6929133858267716,0.7927927927927928
0.6984126984126984,0.7927927927927928
0.696,0.7837837837837838
0.7016129032258065,0.7837837837837838
0.7073170731707317,0.7837837837837838
0.7049180327868853,0.7747747747747747
0.7107438016528925,0.7747747747747747
0.7083333333333334,0.7657657657657657
0.7058823529411765,0.7567567567567568
0.711864406779661,0.7567567567567568
0.717948717948718,0.7567567567567568
0.7241379310344828,0.7567567567567568
0.7304347826086957,0.7567567567567568
0.7280701754385965,0.7477477477477478
0.7256637168141593,0.7387387387387387
0.7321428571428571,0.7387387387387387
0.7387387387387387,0.7387387387387387
0.7454545454545455,0.7387387387387387
0.7522935779816514,0.7387387387387387
0.7592592592592593,0.7387387387387387
0.7570093457943925,0.7297297297297297
0.7547169811320755,0.7207207207207207
0.7523809523809524,0.7117117117117117
0.7596153846153846,0.7117117117117117
0.7572815533980582,0.7027027027027027
0.7647058823529411,0.7027027027027027
0.7623762376237624,0.6936936936936937
0.77,0.6936936936936937
0.7676767676767676,0.6846846846846847
0.7653061224489796,0.6756756756756757
0.7731958762886598,0.6756756756756757
0.78125,0.6756756756756757
0.7894736842105263,0.6756756756756757
0.7872340425531915,0.6666666666666666
0.8043478260869565,0.6666666666666666
0.8021978021978022,0.6576576576576577
0.8,0.6486486486486487
0.8089887640449438,0.6486486486486487
0.8045977011494253,0.6306306306306306
0.8023255813953488,0.6216216216216216
0.8117647058823529,0.6216216216216216
0.8095238095238095,0.6126126126126126
0.8072289156626506,0.6036036036036037
0.8048780487804879,0.5945945945945946
0.8148148148148148,0.5945945945945946
0.810126582278481,0.5765765765765766
0.8076923076923077,0.5675675675675675
0.8181818181818182,0.5675675675675675
0.8289473684210527,0.5675675675675675
0.8266666666666667,0.5585585585585585
0.8243243243243243,0.5495495495495496
0.821917808219178,0.5405405405405406
0.8194444444444444,0.5315315315315315
0.8309859154929577,0.5315315315315315
0.8428571428571429,0.5315315315315315
0.8405797101449275,0.5225225225225225
0.8382352941176471,0.5135135135135135
0.835820895522388,0.5045045045045045
0.8333333333333334,0.4954954954954955
0.8307692307692308,0.4864864864864865
0.828125,0.4774774774774775
0.8253968253968254,0.46846846846846846
0.8225806451612904,0.4594594594594595
0.85,0.4594594594594595
0.8620689655172413,0.45045045045045046
0.8771929824561403,0.45045045045045046
0.875,0.44144144144144143
0.8727272727272727,0.43243243243243246
0.8703703703703703,0.42342342342342343
0.8679245283018868,0.4144144144144144
0.8653846153846154,0.40540540540540543
0.88,0.3963963963963964
0.8775510204081632,0.38738738738738737
0.875,0.3783783783783784
0.8723404255319149,0.36936936936936937
0.8913043478260869,0.36936936936936937
0.8888888888888888,0.36036036036036034
0.9090909090909091,0.36036036036036034
0.9069767441860465,0.35135135135135137
0.9047619047619048,0.34234234234234234
0.9024390243902439,0.3333333333333333
0.9,0.32432432432432434
0.8974358974358975,0.3153153153153153
0.8947368421052632,0.3063063063063063
0.8918918918918919,0.2972972972972973
0.8888888888888888,0.2882882882882883
0.8857142857142857,0.27927927927927926
0.9117647058823529,0.27927927927927926
0.9090909090909091,0.2702702702702703
0.90625,0.26126126126126126
0.9032258064516129,0.25225225225225223
0.9333333333333333,0.25225225225225223
0.9310344827586207,0.24324324324324326
0.9285714285714286,0.23423423423423423
0.9259259259259259,0.22522522522522523
0.9230769230769231,0.21621621621621623
0.92,0.2072072072072072
0.9166666666666666,0.1981981981981982
0.9130434782608695,0.1891891891891892
0.9090909090909091,0.18018018018018017
0.9047619047619048,0.17117117117117117
0.9,0.16216216216216217
0.8947368421052632,0.15315315315315314
0.8888888888888888,0.14414414414414414
0.8823529411764706,0.13513513513513514
0.9375,0.13513513513513514
0.9285714285714286,0.11711711711711711
0.9230769230769231,0.10810810810810811
1.0,0.10810810810810811
1.0,0.0990990990990991
1.0,0.09009009009009009
1.0,0.08108108108108109
1.0,0.07207207207207207
1.0,0.06306306306306306
1.0,0.05405405405405406
1.0,0.04504504504504504
1.0,0.036036036036036036
1.0,0.02702702702702703
1.0,0.018018018018018018
1.0,0.009009009009009009
1.0,0.0
