source_id,species,country,collection_date,patient_id,duplicate_group,host,ndm,oxa48,mechanism_evidence,region,hospital_id,lab_id,isolate_id,y,target_sir,label_standard,label_version,cefepime__S,cefepime__I,cefepime__R,cefepime__SDD,cefepime__missing,ceftazidime__S,ceftazidime__I,ceftazidime__R,ceftazidime__SDD,ceftazidime__missing,ciprofloxacin__S,ciprofloxacin__I,ciprofloxacin__R,ciprofloxacin__SDD,ciprofloxacin__missing,gentamicin__S,gentamicin__I,gentamicin__R,gentamicin__SDD,gentamicin__missing,amikacin__S,amikacin__I,amikacin__R,amikacin__SDD,amikacin__missing,colistin__S,colistin__I,colistin__R,colistin__SDD,colistin__missing,observed_features,mechanism,group_id
PRJNA1273658,Acinetobacter baumannii,India,2023-05-26,,,human,unknown,unknown,,Northern,,,SAMN48952902,1,R,UNSPECIFIED_REPORTED,,0.0,0.0,1.0,0.0,0.0,0.0,0.0,1.0,0.0,0.0,0.0,0.0,1.0,0.0,0.0,0.0,0.0,1.0,0.0,0.0,0.0,0.0,1.0,0.0,0.0,0.0,1.0,0.0,0.0,0.0,6,unknown,G0
PRJNA1273658,Acinetobacter baumannii,India,2023-06-11,,,human,unknown,unknown,,Northern,,,SAMN48952903,1,R,UNSPECIFIED_REPORTED,,0.0,0.0,1.0,0.0,0.0,0.0,0.0,1.0,0.0,0.0,0.0,0.0,1.0,0.0,0.0,0.0,0.0,1.0,0.0,0.0,0.0,0.0,1.0,0.0,0.0,0.0,1.0,0.0,0.0,0.0,6,unknown,G1
PRJNA1273658,Acinetobacter baumannii,India,2023-09-21,,,human,unknown,unknown,,Northern,,,SAMN48952904,1,R,UNSPECIFIED_REPORTED,,0.0,0.0,1.0,0.0,0.0,0.0,0.0,1.0,0.0,0.0,0.0,0.0,1.0,0.0,0.0,0.0,0.0,1.0,0.0,0.0,0.0,0.0,1.0,0.0,0.0,0.0,1.0,0.0,0.0,0.0,6,unknown,G2
PRJNA1273658,Acinetobacter baumannii,India,2023-09-09,,,human,unknown,unknown,,Northern,,,SAMN48952905,1,R,UNSPECIFIED_REPORTED,,0.0,0.0,1.0,0.0,0.0,0.0,0.0,1.0,0.0,0.0,0.0,0.0,1.0,0.0,0.0,0.0,0.0,1.0,0.0,0.0,0.0,0.0,1.0,0.0,0.0,0.0,1.0,0.0,0.0,0.0,6,unknown,G3
PRJNA1273658,Acinetobacter baumannii,India,2023-09-12,,,human,unknown,unknown,,Northern,,,SAMN48952906,1,R,UNSPECIFIED_REPORTED,,0.0,0.0,1.0,0.0,0.0,0.0,0.0,1.0,0.0,0.0,0.0,0.0,1.0,0.0,0.0,0.0,0.0,1.0,0.0,0.0,0.0,0.0,1.0,0.0,0.0,0.0,1.0,0.0,0.0,0.0,6,unknown,G4
PRJNA1273658,Acinetobacter baumannii,India,2023-09-16,,,human,unknown,unknown,,Northern,,,SAMN48952907,1,R,UNSPECIFIED_REPORTED,,0.0,0.0,1.0,0.0,0.0,0.0,0.0,1.0,0.0,0.0,0.0,0.0,1.0,0.0,0.0,1.0,0.0,0.0,0.0,0.0,0.0,0.0,1.0,0.0,0.0,0.0,1.0,0.0,0.0,0.0,6,unknown,G5
PRJNA1273658,Acinetobacter baumannii,India,2023-10-16,,,human,unknown,unknown,,Northern,,,SAMN48952908,1,R,UNSPECIFIED_REPORTED,,0.0,0.0,1.0,0.0,0.0,0.0,0.0,1.0,0.0,0.0,0.0,0.0,1.0,0.0,0.0,0.0,0.0,1.0,0.0,0.0,0.0,0.0,1.0,0.0,0.0,0.0,1.0,0.0,0.0,0.0,6,unknown,G6
PRJNA1273658,Acinetobacter baumannii,India,2022-09-21,,,human,unknown,unknown,,Northern,,,SAMN48952909,1,R,UNSPECIFIED_REPORTED,,0.0,0.0,1.0,0.0,0.0,0.0,0.0,1.0,0.0,0.0,0.0,0.0,1.0,0.0,0.0,0.0,0.0,1.0,0.0,0.0,0.0,0.0,1.0,0.0,0.0,0.0,1.0,0.0,0.0,0.0,6,unknown,G7
PRJNA1273658,Acinetobacter baumannii,India,2023-09-16,,,human,unknown,unknown,,Northern,,,SAMN48952910,1,R,UNSPECIFIED_REPORTED,,0.0,0.0,1.0,0.0,0.0,0.0,0.0,1.0,0.0,0.0,0.0,0.0,1.0,0.0,0.0,0.0,0.0,1.0,0.0,0.0,0.0,0.0,1.0,0.0,0.0,0.0,1.0,0.0,0.0,0.0,6,unknown,G8
PRJNA1273658,Acinetobacter baumannii,India,2024-04-18,,,human,unknown,unknown,,Northern,,,SAMN48952925,1,R,UNSPECIFIED_REPORTED,,0.0,0.0,1.0,0.0,0.0,0.0,0.0,1.0,0.0,0.0,0.0,0.0,1.0,0.0,0.0,0.0,0.0,1.0,0.0,0.0,0.0,0.0,1.0,0.0,0.0,0.0,1.0,0.0,0.0,0.0,6,unknown,G9
PRJNA1273658,Acinetobacter baumannii,India,2024-04-18,,,human,unknown,unknown,,Northern,,,SAMN48952926,1,R,UNSPECIFIED_REPORTED,,0.0,0.0,1.0,0.0,0.0,0.0,0.0,1.0,0.0,0.0,0.0,0.0,1.0,0.0,0.0,0.0,0.0,1.0,0.0,0.0,0.0,0.0,1.0,0.0,0.0,0.0,1.0,0.0,0.0,0.0,6,unknown,G10
PRJNA1273658,Acinetobacter baumannii,India,2024-04-18,,,human,unknown,unknown,,Northern,,,SAMN48952927,1,R,UNSPECIFIED_REPORTED,,0.0,0.0,1.0,0.0,0.0,0.0,0.0,1.0,0.0,0.0,0.0,0.0,1.0,0.0,0.0,0.0,0.0,1.0,0.0,0.0,0.0,0.0,1.0,0.0,0.0,0.0,1.0,0.0,0.0,0.0,6,unknown,G11
PRJNA1273658,Acinetobacter baumannii,India,2024-05-07,,,human,unknown,unknown,,Northern,,,SAMN48952928,1,R,UNSPECIFIED_REPORTED,,0.0,0.0,1.0,0.0,0.0,0.0,0.0,1.0,0.0,0.0,0.0,0.0,1.0,0.0,0.0,0.0,0.0,1.0,0.0,0.0,0.0,0.0,1.0,0.0,0.0,0.0,1.0,0.0,0.0,0.0,6,unknown,G12
PRJNA1273658,Acinetobacter baumannii,India,2024-05-07,,,human,unknown,unknown,,Northern,,,SAMN48952929,1,R,UNSPECIFIED_REPORTED,,0.0,0.0,1.0,0.0,0.0,0.0,0.0,1.0,0.0,0.0,0.0,0.0,1.0,0.0,0.0,0.0,0.0,1.0,0.0,0.0,0.0,0.0,1.0,0.0,0.0,0.0,1.0,0.0,0.0,0.0,6,unknown,G13
PRJNA1273658,Acinetobacter baumannii,India,2024-05-07,,,human,unknown,unknown,,Northern,,,SAMN48952930,1,R,UNSPECIFIED_REPORTED,,0.0,0.0,1.0,0.0,0.0,0.0,0.0,1.0,0.0,0.0,0.0,0.0,1.0,0.0,0.0,0.0,0.0,1.0,0.0,0.0,0.0,0.0,1.0,0.0,0.0,0.0,1.0,0.0,0.0,0.0,6,unknown,G14
PRJNA1273658,Acinetobacter baumannii,India,2024-04-30,,,human,unknown,unknown,,Northern,,,SAMN48952931,1,R,UNSPECIFIED_REPORTED,,0.0,0.0,1.0,0.0,0.0,0.0,0.0,1.0,0.0,0.0,0.0,0.0,1.0,0.0,0.0,0.0,0.0,1.0,0.0,0.0,0.0,0.0,1.0,0.0,0.0,0.0,1.0,0.0,0.0,0.0,6,unknown,G15
PRJNA1273658,Acinetobacter baumannii,India,2024-05-02,,,human,unknown,unknown,,Northern,,,SAMN48952932,1,R,UNSPECIFIED_REPORTED,,0.0,0.0,1.0,0.0,0.0,0.0,0.0,1.0,0.0,0.0,0.0,0.0,1.0,0.0,0.0,0.0,0.0,1.0,0.0,0.0,0.0,0.0,1.0,0.0,0.0,0.0,1.0,0.0,0.0,0.0,6,unknown,G16
PRJNA1273658,Acinetobacter baumannii,India,2024-04-29,,,human,unknown,unknown,,Northern,,,SAMN48952933,1,R,UNSPECIFIED_REPORTED,,0.0,0.0,1.0,0.0,0.0,0.0,0.0,1.0,0.0,0.0,0.0,0.0,1.0,0.0,0.0,0.0,0.0,1.0,0.0,0.0,0.0,0.0,1.0,0.0,0.0,0.0,1.0,0.0,0.0,0.0,6,unknown,G17
PRJNA1273658,Acinetobacter baumannii,India,2024-06-02,,,human,unknown,unknown,,Northern,,,SAMN48952934,1,R,UNSPECIFIED_REPORTED,,0.0,0.0,1.0,0.0,0.0,0.0,0.0,1.0,0.0,0.0,0.0,0.0,1.0,0.0,0.0,0.0,0.0,1.0,0.0,0.0,0.0,0.0,1.0,0.0,0.0,0.0,1.0,0.0,0.0,0.0,6,unknown,G18
PRJNA1273658,Acinetobacter baumannii,India,2024-05-19,,,human,unknown,unknown,,Northern,,,SAMN48952935,1,R,UNSPECIFIED_REPORTED,,0.0,0.0,1.0,0.0,0.0,0.0,0.0,1.0,0.0,0.0,0.0,0.0,1.0,0.0,0.0,0.0,0.0,1.0,0.0,0.0,0.0,0.0,1.0,0.0,0.0,0.0,1.0,0.0,0.0,0.0,6,unknown,G19
PRJNA1273658,Acinetobacter baumannii,India,2024-06-19,,,human,unknown,unknown,,Northern,,,SAMN48952936,1,R,UNSPECIFIED_REPORTED,,0.0,0.0,1.0,0.0,0.0,0.0,0.0,1.0,0.0,0.0,0.0,0.0,1.0,0.0,0.0,0.0,0.0,1.0,0.0,0.0,0.0,1.0,0.0,0.0,0.0,0.0,1.0,0.0,0.0,0.0,6,unknown,G20
PRJNA1273658,Acinetobacter baumannii,India,2024-07-06,,,human,unknown,unknown,,Northern,,,SAMN48952937,1,R,UNSPECIFIED_REPORTED,,0.0,0.0,1.0,0.0,0.0,0.0,0.0,1.0,0.0,0.0,0.0,0.0,1.0,0.0,0.0,0.0,0.0,1.0,0.0,0.0,0.0,0.0,1.0,0.0,0.0,0.0,1.0,0.0,0.0,0.0,6,unknown,G21
PRJNA1273658,Acinetobacter baumannii,India,2024-07-13,,,human,unknown,unknown,,Western,,,SAMN48952938,1,R,UNSPECIFIED_REPORTED,,0.0,0.0,1.0,0.0,0.0,0.0,0.0,1.0,0.0,0.0,0.0,0.0,1.0,0.0,0.0,0.0,0.0,1.0,0.0,0.0,0.0,0.0,1.0,0.0,0.0,1.0,0.0,0.0,0.0,0.0,6,unknown,G22
PRJNA1273658,Acinetobacter baumannii,India,2024-06-22,,,human,unknown,unknown,,Western,,,SAMN48952939,1,R,UNSPECIFIED_REPORTED,,0.0,0.0,1.0,0.0,0.0,0.0,0.0,1.0,0.0,0.0,0.0,0.0,1.0,0.0,0.0,0.0,0.0,1.0,0.0,0.0,0.0,0.0,1.0,0.0,0.0,1.0,0.0,0.0,0.0,0.0,6,unknown,G23
PRJNA1273658,Acinetobacter baumannii,India,2023-02-14,,,human,unknown,unknown,,Western,,,SAMN48952940,1,R,UNSPECIFIED_REPORTED,,0.0,0.0,1.0,0.0,0.0,0.0,0.0,1.0,0.0,0.0,0.0,0.0,1.0,0.0,0.0,0.0,0.0,1.0,0.0,0.0,0.0,0.0,1.0,0.0,0.0,1.0,0.0,0.0,0.0,0.0,6,unknown,G24
PRJNA1273658,Acinetobacter baumannii,India,2023-02-24,,,human,unknown,unknown,,Western,,,SAMN48952941,1,R,UNSPECIFIED_REPORTED,,0.0,0.0,1.0,0.0,0.0,0.0,0.0,1.0,0.0,0.0,0.0,0.0,1.0,0.0,0.0,0.0,0.0,1.0,0.0,0.0,0.0,0.0,1.0,0.0,0.0,1.0,0.0,0.0,0.0,0.0,6,unknown,G25
PRJNA1273658,Acinetobacter baumannii,India,2023-06-13,,,human,unknown,unknown,,Western,,,SAMN48952942,1,R,UNSPECIFIED_REPORTED,,0.0,0.0,1.0,0.0,0.0,0.0,0.0,1.0,0.0,0.0,0.0,0.0,1.0,0.0,0.0,0.0,0.0,1.0,0.0,0.0,0.0,0.0,1.0,0.0,0.0,1.0,0.0,0.0,0.0,0.0,6,unknown,G26
PRJNA1273658,Acinetobacter baumannii,India,2023-06-10,,,human,unknown,unknown,,Western,,,SAMN48952943,1,R,UNSPECIFIED_REPORTED,,0.0,0.0,1.0,0.0,0.0,0.0,0.0,1.0,0.0,0.0,0.0,0.0,1.0,0.0,0.0,0.0,0.0,1.0,0.0,0.0,0.0,0.0,1.0,0.0,0.0,1.0,0.0,0.0,0.0,0.0,6,unknown,G27
PRJNA1273658,Acinetobacter baumannii,India,2024-06-27,,,human,unknown,unknown,,Western,,,SAMN48952944,1,R,UNSPECIFIED_REPORTED,,0.0,0.0,1.0,0.0,0.0,0.0,0.0,1.0,0.0,0.0,0.0,0.0,1.0,0.0,0.0,0.0,0.0,1.0,0.0,0.0,0.0,0.0,1.0,0.0,0.0,1.0,0.0,0.0,0.0,0.0,6,unknown,G28
PRJNA1273658,Acinetobacter baumannii,India,2022-07-28,,,human,unknown,unknown,,Western,,,SAMN48952945,1,R,UNSPECIFIED_REPORTED,,0.0,0.0,1.0,0.0,0.0,0.0,0.0,1.0,0.0,0.0,0.0,0.0,1.0,0.0,0.0,0.0,0.0,1.0,0.0,0.0,0.0,0.0,1.0,0.0,0.0,1.0,0.0,0.0,0.0,0.0,6,unknown,G29
PRJNA1273658,Acinetobacter baumannii,India,2022-08-19,,,human,unknown,unknown,,Western,,,SAMN48952946,1,R,UNSPECIFIED_REPORTED,,0.0,0.0,1.0,0.0,0.0,0.0,0.0,1.0,0.0,0.0,0.0,0.0,1.0,0.0,0.0,0.0,0.0,1.0,0.0,0.0,0.0,0.0,1.0,0.0,0.0,1.0,0.0,0.0,0.0,0.0,6,unknown,G30
PRJNA1273658,Escherichia coli,India,2023-05-18,,,human,unknown,unknown,,Northern,,,SAMN48952953,0,S,UNSPECIFIED_REPORTED,,0.0,0.0,1.0,0.0,0.0,0.0,0.0,1.0,0.0,0.0,0.0,0.0,1.0,0.0,0.0,0.0,0.0,1.0,0.0,0.0,0.0,0.0,1.0,0.0,0.0,0.0,1.0,0.0,0.0,0.0,6,unknown,G31
PRJNA1273658,Escherichia coli,India,2023-05-17,,,human,unknown,unknown,,Northern,,,SAMN48952954,0,S,UNSPECIFIED_REPORTED,,0.0,0.0,1.0,0.0,0.0,0.0,0.0,1.0,0.0,0.0,0.0,0.0,1.0,0.0,0.0,0.0,0.0,1.0,0.0,0.0,1.0,0.0,0.0,0.0,0.0,0.0,1.0,0.0,0.0,0.0,6,unknown,G32
PRJNA1273658,Escherichia coli,India,2023-05-18,,,human,unknown,unknown,,Northern,,,SAMN48952956,0,S,UNSPECIFIED_REPORTED,,0.0,0.0,0.0,1.0,0.0,0.0,0.0,1.0,0.0,0.0,0.0,0.0,1.0,0.0,0.0,1.0,0.0,0.0,0.0,0.0,1.0,0.0,0.0,0.0,0.0,0.0,1.0,0.0,0.0,0.0,6,unknown,G33
PRJNA1273658,Escherichia coli,India,2023-05-16,,,human,unknown,unknown,,Northern,,,SAMN48952957,0,S,UNSPECIFIED_REPORTED,,0.0,0.0,0.0,1.0,0.0,0.0,0.0,1.0,0.0,0.0,0.0,0.0,1.0,0.0,0.0,1.0,0.0,0.0,0.0,0.0,1.0,0.0,0.0,0.0,0.0,0.0,1.0,0.0,0.0,0.0,6,unknown,G34
PRJNA1273658,Escherichia coli,India,2023-06-03,,,human,unknown,unknown,,Northern,,,SAMN48952958,1,R,UNSPECIFIED_REPORTED,,0.0,0.0,1.0,0.0,0.0,0.0,0.0,1.0,0.0,0.0,0.0,0.0,1.0,0.0,0.0,1.0,0.0,0.0,0.0,0.0,1.0,0.0,0.0,0.0,0.0,0.0,1.0,0.0,0.0,0.0,6,unknown,G35
PRJNA1273658,Escherichia coli,India,2023-06-12,,,human,unknown,unknown,,Northern,,,SAMN48952959,1,R,UNSPECIFIED_REPORTED,,0.0,0.0,1.0,0.0,0.0,0.0,0.0,1.0,0.0,0.0,0.0,0.0,1.0,0.0,0.0,0.0,0.0,1.0,0.0,0.0,0.0,0.0,1.0,0.0,0.0,0.0,1.0,0.0,0.0,0.0,6,unknown,G36
PRJNA1273658,Escherichia coli,India,2023-10-06,,,human,unknown,unknown,,Northern,,,SAMN48952960,1,R,UNSPECIFIED_REPORTED,,0.0,0.0,1.0,0.0,0.0,0.0,0.0,1.0,0.0,0.0,0.0,0.0,1.0,0.0,0.0,1.0,0.0,0.0,0.0,0.0,1.0,0.0,0.0,0.0,0.0,0.0,1.0,0.0,0.0,0.0,6,unknown,G37
PRJNA1273658,Escherichia coli,India,2023-08-29,,,human,unknown,unknown,,Northern,,,SAMN48952961,1,R,UNSPECIFIED_REPORTED,,0.0,0.0,1.0,0.0,0.0,0.0,0.0,1.0,0.0,0.0,0.0,0.0,1.0,0.0,0.0,1.0,0.0,0.0,0.0,0.0,1.0,0.0,0.0,0.0,0.0,0.0,1.0,0.0,0.0,0.0,6,unknown,G38
PRJNA1273658,Escherichia coli,India,2023-07-26,,,human,unknown,unknown,,Northern,,,SAMN48952962,1,R,UNSPECIFIED_REPORTED,,0.0,0.0,1.0,0.0,0.0,0.0,0.0,1.0,0.0,0.0,0.0,0.0,1.0,0.0,0.0,1.0,0.0,0.0,0.0,0.0,1.0,0.0,0.0,0.0,0.0,0.0,1.0,0.0,0.0,0.0,6,unknown,G39
PRJNA1273658,Escherichia coli,India,2023-10-19,,,human,unknown,unknown,,Northern,,,SAMN48952963,1,R,UNSPECIFIED_REPORTED,,0.0,0.0,1.0,0.0,0.0,0.0,0.0,1.0,0.0,0.0,0.0,0.0,1.0,0.0,0.0,1.0,0.0,0.0,0.0,0.0,1.0,0.0,0.0,0.0,0.0,0.0,1.0,0.0,0.0,0.0,6,unknown,G40
PRJNA1273658,Escherichia coli,India,2023-10-09,,,human,unknown,unknown,,Northern,,,SAMN48952964,1,R,UNSPECIFIED_REPORTED,,0.0,0.0,1.0,0.0,0.0,0.0,0.0,1.0,0.0,0.0,0.0,0.0,1.0,0.0,0.0,1.0,0.0,0.0,0.0,0.0,1.0,0.0,0.0,0.0,0.0,0.0,1.0,0.0,0.0,0.0,6,unknown,G41
PRJNA1273658,Escherichia coli,India,2023-10-28,,,human,unknown,unknown,,Northern,,,SAMN48952965,1,R,UNSPECIFIED_REPORTED,,0.0,0.0,1.0,0.0,0.0,0.0,0.0,1.0,0.0,0.0,0.0,0.0,1.0,0.0,0.0,1.0,0.0,0.0,0.0,0.0,1.0,0.0,0.0,0.0,0.0,0.0,1.0,0.0,0.0,0.0,6,unknown,G42
PRJNA1273658,Escherichia coli,India,2023-10-27,,,human,unknown,unknown,,Northern,,,SAMN48952966,1,R,UNSPECIFIED_REPORTED,,0.0,0.0,1.0,0.0,0.0,0.0,0.0,1.0,0.0,0.0,0.0,0.0,1.0,0.0,0.0,1.0,0.0,0.0,0.0,0.0,1.0,0.0,0.0,0.0,0.0,0.0,1.0,0.0,0.0,0.0,6,unknown,G43
PRJNA1273658,Escherichia coli,India,2024-02-15,,,human,unknown,unknown,,Northern,,,SAMN48952969,1,R,UNSPECIFIED_REPORTED,,0.0,0.0,1.0,0.0,0.0,0.0,0.0,1.0,0.0,0.0,0.0,0.0,1.0,0.0,0.0,1.0,0.0,0.0,0.0,0.0,0.0,0.0,1.0,0.0,0.0,0.0,1.0,0.0,0.0,0.0,6,unknown,G44
PRJNA1273658,Escherichia coli,India,2024-02-08,,,human,unknown,unknown,,Northern,,,SAMN48952970,1,R,UNSPECIFIED_REPORTED,,0.0,0.0,1.0,0.0,0.0,0.0,0.0,1.0,0.0,0.0,0.0,0.0,1.0,0.0,0.0,1.0,0.0,0.0,0.0,0.0,1.0,0.0,0.0,0.0,0.0,0.0,1.0,0.0,0.0,0.0,6,unknown,G45
PRJNA1273658,Escherichia coli,India,2024-04-18,,,human,unknown,unknown,,Northern,,,SAMN48952971,1,R,UNSPECIFIED_REPORTED,,0.0,0.0,1.0,0.0,0.0,0.0,0.0,1.0,0.0,0.0,0.0,0.0,1.0,0.0,0.0,1.0,0.0,0.0,0.0,0.0,1.0,0.0,0.0,0.0,0.0,0.0,1.0,0.0,0.0,0.0,6,unknown,G46
PRJNA1273658,Escherichia coli,India,2024-04-23,,,human,unknown,unknown,,Northern,,,SAMN48952972,1,R,UNSPECIFIED_REPORTED,,0.0,0.0,1.0,0.0,0.0,0.0,0.0,1.0,0.0,0.0,0.0,0.0,1.0,0.0,0.0,1.0,0.0,0.0,0.0,0.0,1.0,0.0,0.0,0.0,0.0,0.0,1.0,0.0,0.0,0.0,6,unknown,G47
PRJNA1273658,Escherichia coli,India,2024-05-07,,,human,unknown,unknown,,Northern,,,SAMN48952973,1,R,UNSPECIFIED_REPORTED,,0.0,0.0,1.0,0.0,0.0,0.0,0.0,1.0,0.0,0.0,0.0,0.0,1.0,0.0,0.0,0.0,0.0,1.0,0.0,0.0,0.0,0.0,1.0,0.0,0.0,0.0,1.0,0.0,0.0,0.0,6,unknown,G48
PRJNA1273658,Escherichia coli,India,2024-05-07,,,human,unknown,unknown,,Northern,,,SAMN48952974,1,R,UNSPECIFIED_REPORTED,,0.0,0.0,1.0,0.0,0.0,0.0,0.0,1.0,0.0,0.0,0.0,0.0,1.0,0.0,0.0,0.0,0.0,1.0,0.0,0.0,1.0,0.0,0.0,0.0,0.0,0.0,1.0,0.0,0.0,0.0,6,unknown,G49
PRJNA1273658,Escherichia coli,India,2024-05-30,,,human,unknown,unknown,,Northern,,,SAMN48952975,1,R,UNSPECIFIED_REPORTED,,0.0,0.0,1.0,0.0,0.0,0.0,0.0,1.0,0.0,0.0,0.0,0.0,1.0,0.0,0.0,0.0,0.0,1.0,0.0,0.0,1.0,0.0,0.0,0.0,0.0,0.0,1.0,0.0,0.0,0.0,6,unknown,G50
PRJNA1273658,Escherichia coli,India,2024-06-25,,,human,unknown,unknown,,Northern,,,SAMN48952976,1,R,UNSPECIFIED_REPORTED,,0.0,0.0,1.0,0.0,0.0,0.0,0.0,1.0,0.0,0.0,0.0,0.0,1.0,0.0,0.0,0.0,0.0,1.0,0.0,0.0,0.0,1.0,0.0,0.0,0.0,0.0,1.0,0.0,0.0,0.0,6,unknown,G51
PRJNA1273658,Escherichia coli,India,2024-06-28,,,human,unknown,unknown,,Western,,,SAMN48952977,1,R,UNSPECIFIED_REPORTED,,0.0,0.0,1.0,0.0,0.0,0.0,0.0,1.0,0.0,0.0,0.0,0.0,1.0,0.0,0.0,0.0,0.0,1.0,0.0,0.0,0.0,0.0,1.0,0.0,0.0,1.0,0.0,0.0,0.0,0.0,6,unknown,G52
PRJNA1273658,Escherichia coli,India,2022-11-16,,,human,unknown,unknown,,Western,,,SAMN48952978,1,R,UNSPECIFIED_REPORTED,,0.0,0.0,1.0,0.0,0.0,0.0,0.0,1.0,0.0,0.0,0.0,0.0,1.0,0.0,0.0,0.0,0.0,1.0,0.0,0.0,1.0,0.0,0.0,0.0,0.0,1.0,0.0,0.0,0.0,0.0,6,unknown,G53
PRJNA1273658,Escherichia coli,India,2023-02-24,,,human,unknown,unknown,,Western,,,SAMN48952979,1,R,UNSPECIFIED_REPORTED,,0.0,0.0,1.0,0.0,0.0,0.0,0.0,1.0,0.0,0.0,0.0,0.0,1.0,0.0,0.0,1.0,0.0,0.0,0.0,0.0,1.0,0.0,0.0,0.0,0.0,1.0,0.0,0.0,0.0,0.0,6,unknown,G54
PRJNA1273658,Escherichia coli,India,2023-03-02,,,human,unknown,unknown,,Western,,,SAMN48952980,1,R,UNSPECIFIED_REPORTED,,0.0,0.0,1.0,0.0,0.0,0.0,0.0,1.0,0.0,0.0,0.0,0.0,1.0,0.0,0.0,0.0,0.0,1.0,0.0,0.0,0.0,0.0,1.0,0.0,0.0,1.0,0.0,0.0,0.0,0.0,6,unknown,G55
PRJNA1273658,Escherichia coli,India,2022-11-25,,,human,unknown,unknown,,Western,,,SAMN48952981,1,R,UNSPECIFIED_REPORTED,,0.0,0.0,1.0,0.0,0.0,0.0,0.0,1.0,0.0,0.0,0.0,0.0,1.0,0.0,0.0,0.0,0.0,1.0,0.0,0.0,0.0,1.0,0.0,0.0,0.0,1.0,0.0,0.0,0.0,0.0,6,unknown,G56
PRJNA1273658,Escherichia coli,India,2023-04-02,,,human,unknown,unknown,,Western,,,SAMN48952982,1,R,UNSPECIFIED_REPORTED,,0.0,0.0,1.0,0.0,0.0,0.0,0.0,1.0,0.0,0.0,0.0,0.0,1.0,0.0,0.0,1.0,0.0,0.0,0.0,0.0,1.0,0.0,0.0,0.0,0.0,1.0,0.0,0.0,0.0,0.0,6,unknown,G57
PRJNA1273658,Escherichia coli,India,2023-04-02,,,human,unknown,unknown,,Western,,,SAMN48952983,1,R,UNSPECIFIED_REPORTED,,0.0,0.0,1.0,0.0,0.0,0.0,0.0,1.0,0.0,0.0,0.0,0.0,1.0,0.0,0.0,0.0,0.0,1.0,0.0,0.0,0.0,0.0,1.0,0.0,0.0,1.0,0.0,0.0,0.0,0.0,6,unknown,G58
PRJNA1273658,Escherichia coli,India,2023-05-05,,,human,unknown,unknown,,Western,,,SAMN48952984,1,R,UNSPECIFIED_REPORTED,,0.0,0.0,1.0,0.0,0.0,0.0,0.0,1.0,0.0,0.0,0.0,0.0,1.0,0.0,0.0,0.0,0.0,1.0,0.0,0.0,1.0,0.0,0.0,0.0,0.0,1.0,0.0,0.0,0.0,0.0,6,unknown,G59
PRJNA1273658,Escherichia coli,India,2023-05-26,,,human,unknown,unknown,,Western,,,SAMN48952985,1,R,UNSPECIFIED_REPORTED,,0.0,0.0,1.0,0.0,0.0,0.0,0.0,1.0,0.0,0.0,0.0,0.0,1.0,0.0,0.0,1.0,0.0,0.0,0.0,0.0,0.0,1.0,0.0,0.0,0.0,1.0,0.0,0.0,0.0,0.0,6,unknown,G60
PRJNA1273658,Escherichia coli,India,2023-06-09,,,human,unknown,unknown,,Western,,,SAMN48952986,1,R,UNSPECIFIED_REPORTED,,0.0,0.0,1.0,0.0,0.0,0.0,0.0,1.0,0.0,0.0,0.0,0.0,1.0,0.0,0.0,1.0,0.0,0.0,0.0,0.0,1.0,0.0,0.0,0.0,0.0,1.0,0.0,0.0,0.0,0.0,6,unknown,G61
PRJNA1273658,Escherichia coli,India,2023-06-07,,,human,unknown,unknown,,Western,,,SAMN48952987,1,R,UNSPECIFIED_REPORTED,,0.0,0.0,1.0,0.0,0.0,0.0,0.0,1.0,0.0,0.0,0.0,0.0,1.0,0.0,0.0,1.0,0.0,0.0,0.0,0.0,1.0,0.0,0.0,0.0,0.0,1.0,0.0,0.0,0.0,0.0,6,unknown,G62
PRJNA1273658,Escherichia coli,India,2023-06-09,,,human,unknown,unknown,,Western,,,SAMN48952988,0,S,UNSPECIFIED_REPORTED,,0.0,0.0,1.0,0.0,0.0,0.0,0.0,1.0,0.0,0.0,0.0,0.0,1.0,0.0,0.0,1.0,0.0,0.0,0.0,0.0,1.0,0.0,0.0,0.0,0.0,1.0,0.0,0.0,0.0,0.0,6,unknown,G63
PRJNA1273658,Escherichia coli,India,2023-06-17,,,human,unknown,unknown,,Western,,,SAMN48952989,1,R,UNSPECIFIED_REPORTED,,0.0,0.0,1.0,0.0,0.0,0.0,0.0,1.0,0.0,0.0,0.0,0.0,1.0,0.0,0.0,1.0,0.0,0.0,0.0,0.0,0.0,0.0,1.0,0.0,0.0,1.0,0.0,0.0,0.0,0.0,6,unknown,G64
PRJNA1273658,Escherichia coli,India,2023-06-17,,,human,unknown,unknown,,Western,,,SAMN48952990,1,R,UNSPECIFIED_REPORTED,,0.0,0.0,1.0,0.0,0.0,0.0,0.0,1.0,0.0,0.0,0.0,0.0,1.0,0.0,0.0,1.0,0.0,0.0,0.0,0.0,1.0,0.0,0.0,0.0,0.0,1.0,0.0,0.0,0.0,0.0,6,unknown,G65
PRJNA1273658,Escherichia coli,India,2024-06-09,,,human,unknown,unknown,,Western,,,SAMN48952991,1,R,UNSPECIFIED_REPORTED,,0.0,0.0,1.0,0.0,0.0,0.0,0.0,1.0,0.0,0.0,0.0,0.0,1.0,0.0,0.0,0.0,0.0,1.0,0.0,0.0,0.0,0.0,1.0,0.0,0.0,1.0,0.0,0.0,0.0,0.0,6,unknown,G66
PRJNA1273658,Escherichia coli,India,2024-05-27,,,human,unknown,unknown,,Western,,,SAMN48952992,1,R,UNSPECIFIED_REPORTED,,0.0,0.0,1.0,0.0,0.0,0.0,0.0,1.0,0.0,0.0,0.0,0.0,1.0,0.0,0.0,0.0,0.0,1.0,0.0,0.0,1.0,0.0,0.0,0.0,0.0,1.0,0.0,0.0,0.0,0.0,6,unknown,G67
PRJNA1273658,Escherichia coli,India,2023-06-28,,,human,unknown,unknown,,Western,,,SAMN48952993,1,R,UNSPECIFIED_REPORTED,,0.0,0.0,1.0,0.0,0.0,0.0,0.0,1.0,0.0,0.0,0.0,0.0,1.0,0.0,0.0,1.0,0.0,0.0,0.0,0.0,1.0,0.0,0.0,0.0,0.0,1.0,0.0,0.0,0.0,0.0,6,unknown,G68
PRJNA1273658,Escherichia coli,India,2023-07-03,,,human,unknown,unknown,,Western,,,SAMN48952994,1,R,UNSPECIFIED_REPORTED,,0.0,0.0,1.0,0.0,0.0,0.0,0.0,1.0,0.0,0.0,0.0,0.0,1.0,0.0,0.0,0.0,0.0,1.0,0.0,0.0,0.0,0.0,1.0,0.0,0.0,1.0,0.0,0.0,0.0,0.0,6,unknown,G69
PRJNA1273658,Escherichia coli,India,2023-07-05,,,human,unknown,unknown,,Western,,,SAMN48952995,1,R,UNSPECIFIED_REPORTED,,0.0,0.0,1.0,0.0,0.0,0.0,0.0,1.0,0.0,0.0,0.0,0.0,1.0,0.0,0.0,0.0,0.0,1.0,0.0,0.0,0.0,0.0,1.0,0.0,0.0,1.0,0.0,0.0,0.0,0.0,6,unknown,G70
PRJNA1273658,Escherichia coli,India,2023-07-04,,,human,unknown,unknown,,Western,,,SAMN48952996,1,R,UNSPECIFIED_REPORTED,,0.0,0.0,1.0,0.0,0.0,0.0,0.0,1.0,0.0,0.0,0.0,0.0,1.0,0.0,0.0,0.0,0.0,1.0,0.0,0.0,0.0,0.0,1.0,0.0,0.0,1.0,0.0,0.0,0.0,0.0,6,unknown,G71
PRJNA1273658,Escherichia coli,India,2023-07-18,,,human,unknown,unknown,,Western,,,SAMN48952997,1,R,UNSPECIFIED_REPORTED,,0.0,0.0,1.0,0.0,0.0,0.0,0.0,1.0,0.0,0.0,0.0,0.0,1.0,0.0,0.0,1.0,0.0,0.0,0.0,0.0,1.0,0.0,0.0,0.0,0.0,1.0,0.0,0.0,0.0,0.0,6,unknown,G72
PRJNA1273658,Escherichia coli,India,2023-11-27,,,human,unknown,unknown,,Western,,,SAMN48952998,1,R,UNSPECIFIED_REPORTED,,0.0,0.0,1.0,0.0,0.0,0.0,0.0,1.0,0.0,0.0,0.0,0.0,1.0,0.0,0.0,0.0,0.0,1.0,0.0,0.0,0.0,0.0,1.0,0.0,0.0,1.0,0.0,0.0,0.0,0.0,6,unknown,G73
PRJNA1273658,Escherichia coli,India,2023-11-25,,,human,unknown,unknown,,Western,,,SAMN48952999,1,R,UNSPECIFIED_REPORTED,,0.0,0.0,1.0,0.0,0.0,0.0,0.0,1.0,0.0,0.0,0.0,0.0,1.0,0.0,0.0,0.0,0.0,1.0,0.0,0.0,0.0,1.0,0.0,0.0,0.0,1.0,0.0,0.0,0.0,0.0,6,unknown,G74
PRJNA1273658,Klebsiella pneumoniae,India,2023-05-18,,,human,unknown,unknown,,Northern,,,SAMN48953019,0,S,UNSPECIFIED_REPORTED,,0.0,0.0,1.0,0.0,0.0,0.0,0.0,1.0,0.0,0.0,0.0,0.0,1.0,0.0,0.0,0.0,0.0,1.0,0.0,0.0,0.0,0.0,1.0,0.0,0.0,0.0,1.0,0.0,0.0,0.0,6,unknown,G75
PRJNA1273658,Klebsiella pneumoniae,India,2023-05-17,,,human,unknown,unknown,,Northern,,,SAMN48953020,1,R,UNSPECIFIED_REPORTED,,0.0,0.0,1.0,0.0,0.0,0.0,0.0,1.0,0.0,0.0,0.0,0.0,1.0,0.0,0.0,0.0,0.0,1.0,0.0,0.0,0.0,0.0,1.0,0.0,0.0,0.0,1.0,0.0,0.0,0.0,6,unknown,G76
PRJNA1273658,Klebsiella pneumoniae,India,2023-05-15,,,human,unknown,unknown,,Northern,,,SAMN48953021,1,R,UNSPECIFIED_REPORTED,,0.0,0.0,1.0,0.0,0.0,0.0,0.0,1.0,0.0,0.0,0.0,0.0,1.0,0.0,0.0,0.0,0.0,1.0,0.0,0.0,0.0,0.0,1.0,0.0,0.0,1.0,0.0,0.0,0.0,0.0,6,unknown,G77
PRJNA1273658,Klebsiella pneumoniae,India,2022-12-04,,,human,unknown,unknown,,Northern,,,SAMN48953022,1,R,UNSPECIFIED_REPORTED,,0.0,0.0,1.0,0.0,0.0,0.0,0.0,1.0,0.0,0.0,0.0,0.0,1.0,0.0,0.0,0.0,0.0,1.0,0.0,0.0,0.0,0.0,1.0,0.0,0.0,0.0,0.0,1.0,0.0,0.0,6,unknown,G78
PRJNA1273658,Klebsiella pneumoniae,India,2023-05-25,,,human,unknown,unknown,,Northern,,,SAMN48953023,1,R,UNSPECIFIED_REPORTED,,0.0,0.0,1.0,0.0,0.0,0.0,0.0,1.0,0.0,0.0,0.0,0.0,1.0,0.0,0.0,0.0,0.0,1.0,0.0,0.0,0.0,0.0,1.0,0.0,0.0,0.0,0.0,1.0,0.0,0.0,6,unknown,G79
PRJNA1273658,Klebsiella pneumoniae,India,2023-05-29,,,human,unknown,unknown,,Northern,,,SAMN48953024,1,R,UNSPECIFIED_REPORTED,,0.0,0.0,1.0,0.0,0.0,0.0,0.0,1.0,0.0,0.0,0.0,0.0,1.0,0.0,0.0,0.0,0.0,1.0,0.0,0.0,0.0,0.0,1.0,0.0,0.0,0.0,0.0,1.0,0.0,0.0,6,unknown,G80
PRJNA1273658,Klebsiella pneumoniae,India,2023-05-26,,,human,unknown,unknown,,Northern,,,SAMN48953025,1,R,UNSPECIFIED_REPORTED,,0.0,0.0,1.0,0.0,0.0,0.0,0.0,1.0,0.0,0.0,0.0,0.0,1.0,0.0,0.0,0.0,0.0,1.0,0.0,0.0,0.0,0.0,1.0,0.0,0.0,0.0,1.0,0.0,0.0,0.0,6,unknown,G81
PRJNA1273658,Klebsiella pneumoniae,India,2023-05-26,,,human,unknown,unknown,,Northern,,,SAMN48953026,1,R,UNSPECIFIED_REPORTED,,0.0,0.0,1.0,0.0,0.0,0.0,0.0,1.0,0.0,0.0,0.0,0.0,1.0,0.0,0.0,0.0,0.0,1.0,0.0,0.0,0.0,0.0,1.0,0.0,0.0,0.0,1.0,0.0,0.0,0.0,6,unknown,G82
PRJNA1273658,Klebsiella pneumoniae,India,2023-06-03,,,human,unknown,unknown,,Northern,,,SAMN48953027,1,R,UNSPECIFIED_REPORTED,,0.0,0.0,1.0,0.0,0.0,0.0,0.0,1.0,0.0,0.0,0.0,0.0,1.0,0.0,0.0,0.0,0.0,1.0,0.0,0.0,0.0,0.0,1.0,0.0,0.0,0.0,1.0,0.0,0.0,0.0,6,unknown,G83
PRJNA1273658,Klebsiella pneumoniae,India,2023-06-03,,,human,unknown,unknown,,Northern,,,SAMN48953028,1,R,UNSPECIFIED_REPORTED,,0.0,0.0,1.0,0.0,0.0,0.0,0.0,1.0,0.0,0.0,0.0,0.0,1.0,0.0,0.0,0.0,0.0,1.0,0.0,0.0,0.0,0.0,1.0,0.0,0.0,0.0,1.0,0.0,0.0,0.0,6,unknown,G84
PRJNA1273658,Klebsiella pneumoniae,India,2023-06-02,,,human,unknown,unknown,,Northern,,,SAMN48953029,1,R,UNSPECIFIED_REPORTED,,0.0,0.0,1.0,0.0,0.0,0.0,0.0,1.0,0.0,0.0,0.0,0.0,1.0,0.0,0.0,0.0,0.0,1.0,0.0,0.0,0.0,0.0,1.0,0.0,0.0,0.0,1.0,0.0,0.0,0.0,6,unknown,G85
PRJNA1273658,Klebsiella pneumoniae,India,2023-06-03,,,human,unknown,unknown,,Northern,,,SAMN48953030,1,R,UNSPECIFIED_REPORTED,,0.0,0.0,1.0,0.0,0.0,0.0,0.0,1.0,0.0,0.0,0.0,0.0,1.0,0.0,0.0,0.0,0.0,1.0,0.0,0.0,0.0,0.0,1.0,0.0,0.0,0.0,1.0,0.0,0.0,0.0,6,unknown,G86
PRJNA1273658,Klebsiella pneumoniae,India,2023-06-06,,,human,unknown,unknown,,Northern,,,SAMN48953031,1,R,UNSPECIFIED_REPORTED,,0.0,0.0,1.0,0.0,0.0,0.0,0.0,1.0,0.0,0.0,0.0,0.0,1.0,0.0,0.0,0.0,0.0,1.0,0.0,0.0,0.0,0.0,1.0,0.0,0.0,0.0,0.0,1.0,0.0,0.0,6,unknown,G87
PRJNA1273658,Klebsiella pneumoniae,India,2023-09-05,,,human,unknown,unknown,,Northern,,,SAMN48953032,1,R,UNSPECIFIED_REPORTED,,0.0,0.0,1.0,0.0,0.0,0.0,0.0,1.0,0.0,0.0,0.0,0.0,1.0,0.0,0.0,0.0,0.0,1.0,0.0,0.0,0.0,0.0,1.0,0.0,0.0,0.0,0.0,1.0,0.0,0.0,6,unknown,G88
PRJNA1273658,Klebsiella pneumoniae,India,2022-08-01,,,human,unknown,unknown,,Northern,,,SAMN48953033,1,R,UNSPECIFIED_REPORTED,,0.0,0.0,1.0,0.0,0.0,0.0,0.0,1.0,0.0,0.0,0.0,0.0,1.0,0.0,0.0,0.0,0.0,1.0,0.0,0.0,0.0,1.0,0.0,0.0,0.0,0.0,0.0,1.0,0.0,0.0,6,unknown,G89
PRJNA1273658,Klebsiella pneumoniae,India,2023-09-11,,,human,unknown,unknown,,Northern,,,SAMN48953034,1,R,UNSPECIFIED_REPORTED,,0.0,0.0,1.0,0.0,0.0,0.0,0.0,1.0,0.0,0.0,0.0,0.0,1.0,0.0,0.0,0.0,0.0,1.0,0.0,0.0,0.0,0.0,1.0,0.0,0.0,0.0,0.0,1.0,0.0,0.0,6,unknown,G90
PRJNA1273658,Klebsiella pneumoniae,India,2023-09-20,,,human,unknown,unknown,,Northern,,,SAMN48953035,1,R,UNSPECIFIED_REPORTED,,0.0,0.0,1.0,0.0,0.0,0.0,0.0,1.0,0.0,0.0,0.0,0.0,1.0,0.0,0.0,0.0,0.0,1.0,0.0,0.0,0.0,0.0,1.0,0.0,0.0,0.0,1.0,0.0,0.0,0.0,6,unknown,G91
PRJNA1273658,Klebsiella pneumoniae,India,2023-09-23,,,human,unknown,unknown,,Northern,,,SAMN48953036,1,R,UNSPECIFIED_REPORTED,,0.0,0.0,0.0,1.0,0.0,0.0,0.0,1.0,0.0,0.0,0.0,0.0,1.0,0.0,0.0,0.0,0.0,1.0,0.0,0.0,0.0,0.0,1.0,0.0,0.0,0.0,1.0,0.0,0.0,0.0,6,unknown,G92
PRJNA1273658,Klebsiella pneumoniae,India,2023-06-08,,,human,unknown,unknown,,Northern,,,SAMN48953037,1,R,UNSPECIFIED_REPORTED,,0.0,0.0,1.0,0.0,0.0,0.0,0.0,1.0,0.0,0.0,0.0,0.0,1.0,0.0,0.0,0.0,0.0,1.0,0.0,0.0,0.0,0.0,1.0,0.0,0.0,0.0,0.0,1.0,0.0,0.0,6,unknown,G93
PRJNA1273658,Klebsiella pneumoniae,India,2023-06-08,,,human,unknown,unknown,,Northern,,,SAMN48953038,1,R,UNSPECIFIED_REPORTED,,0.0,0.0,1.0,0.0,0.0,0.0,0.0,1.0,0.0,0.0,0.0,0.0,1.0,0.0,0.0,1.0,0.0,0.0,0.0,0.0,1.0,0.0,0.0,0.0,0.0,0.0,0.0,1.0,0.0,0.0,6,unknown,G94
PRJNA1273658,Klebsiella pneumoniae,India,2023-09-27,,,human,unknown,unknown,,Northern,,,SAMN48953039,1,R,UNSPECIFIED_REPORTED,,0.0,0.0,1.0,0.0,0.0,0.0,0.0,1.0,0.0,0.0,0.0,0.0,1.0,0.0,0.0,1.0,0.0,0.0,0.0,0.0,1.0,0.0,0.0,0.0,0.0,0.0,0.0,1.0,0.0,0.0,6,unknown,G95
PRJNA1273658,Klebsiella pneumoniae,India,2023-09-20,,,human,unknown,unknown,,Northern,,,SAMN48953040,1,R,UNSPECIFIED_REPORTED,,0.0,0.0,1.0,0.0,0.0,0.0,0.0,1.0,0.0,0.0,0.0,0.0,1.0,0.0,0.0,0.0,0.0,1.0,0.0,0.0,0.0,0.0,1.0,0.0,0.0,0.0,0.0,1.0,0.0,0.0,6,unknown,G96
PRJNA1273658,Klebsiella pneumoniae,India,2023-10-02,,,human,unknown,unknown,,Northern,,,SAMN48953041,1,R,UNSPECIFIED_REPORTED,,0.0,0.0,1.0,0.0,0.0,0.0,0.0,1.0,0.0,0.0,0.0,0.0,1.0,0.0,0.0,0.0,0.0,1.0,0.0,0.0,0.0,0.0,1.0,0.0,0.0,0.0,0.0,1.0,0.0,0.0,6,unknown,G97
PRJNA1273658,Klebsiella pneumoniae,India,2023-10-15,,,human,unknown,unknown,,Northern,,,SAMN48953042,1,R,UNSPECIFIED_REPORTED,,0.0,0.0,1.0,0.0,0.0,0.0,0.0,1.0,0.0,0.0,0.0,0.0,1.0,0.0,0.0,0.0,0.0,1.0,0.0,0.0,0.0,0.0,1.0,0.0,0.0,0.0,1.0,0.0,0.0,0.0,6,unknown,G98
PRJNA1273658,Klebsiella pneumoniae,India,2023-10-22,,,human,unknown,unknown,,Northern,,,SAMN48953043,1,R,UNSPECIFIED_REPORTED,,0.0,0.0,1.0,0.0,0.0,0.0,0.0,1.0,0.0,0.0,0.0,0.0,1.0,0.0,0.0,0.0,0.0,1.0,0.0,0.0,0.0,0.0,1.0,0.0,0.0,0.0,0.0,1.0,0.0,0.0,6,unknown,G99
PRJNA1273658,Klebsiella pneumoniae,India,2023-10-21,,,human,unknown,unknown,,Northern,,,SAMN48953044,1,R,UNSPECIFIED_REPORTED,,0.0,0.0,1.0,0.0,0.0,0.0,0.0,1.0,0.0,0.0,0.0,0.0,1.0,0.0,0.0,1.0,0.0,0.0,0.0,0.0,0.0,0.0,1.0,0.0,0.0,0.0,1.0,0.0,0.0,0.0,6,unknown,G100
PRJNA1273658,Klebsiella pneumoniae,India,2023-10-18,,,human,unknown,unknown,,Northern,,,SAMN48953045,1,R,UNSPECIFIED_REPORTED,,0.0,0.0,1.0,0.0,0.0,0.0,0.0,1.0,0.0,0.0,0.0,0.0,1.0,0.0,0.0,0.0,0.0,1.0,0.0,0.0,0.0,0.0,1.0,0.0,0.0,0.0,1.0,0.0,0.0,0.0,6,unknown,G101
PRJNA1273658,Klebsiella pneumoniae,India,2023-10-20,,,human,unknown,unknown,,Northern,,,SAMN48953046,1,R,UNSPECIFIED_REPORTED,,0.0,0.0,1.0,0.0,0.0,0.0,0.0,1.0,0.0,0.0,0.0,0.0,1.0,0.0,0.0,0.0,0.0,1.0,0.0,0.0,0.0,0.0,1.0,0.0,0.0,0.0,1.0,0.0,0.0,0.0,6,unknown,G102
PRJNA1273658,Klebsiella pneumoniae,India,2023-07-25,,,human,unknown,unknown,,Northern,,,SAMN48953047,1,R,UNSPECIFIED_REPORTED,,0.0,0.0,1.0,0.0,0.0,0.0,0.0,1.0,0.0,0.0,0.0,0.0,1.0,0.0,0.0,0.0,0.0,1.0,0.0,0.0,0.0,0.0,1.0,0.0,0.0,0.0,1.0,0.0,0.0,0.0,6,unknown,G103
PRJNA1273658,Klebsiella pneumoniae,India,2023-07-27,,,human,unknown,unknown,,Northern,,,SAMN48953048,1,R,UNSPECIFIED_REPORTED,,0.0,0.0,1.0,0.0,0.0,0.0,0.0,1.0,0.0,0.0,0.0,0.0,1.0,0.0,0.0,0.0,0.0,1.0,0.0,0.0,0.0,0.0,1.0,0.0,0.0,0.0,1.0,0.0,0.0,0.0,6,unknown,G104
PRJNA1273658,Klebsiella pneumoniae,India,2023-07-31,,,human,unknown,unknown,,Northern,,,SAMN48953049,1,R,UNSPECIFIED_REPORTED,,0.0,0.0,1.0,0.0,0.0,0.0,0.0,1.0,0.0,0.0,0.0,0.0,1.0,0.0,0.0,0.0,0.0,1.0,0.0,0.0,0.0,0.0,1.0,0.0,0.0,0.0,1.0,0.0,0.0,0.0,6,unknown,G105
PRJNA1273658,Klebsiella pneumoniae,India,2023-10-20,,,human,unknown,unknown,,Northern,,,SAMN48953050,1,R,UNSPECIFIED_REPORTED,,0.0,0.0,1.0,0.0,0.0,0.0,0.0,1.0,0.0,0.0,0.0,0.0,1.0,0.0,0.0,1.0,0.0,0.0,0.0,0.0,0.0,0.0,1.0,0.0,0.0,0.0,1.0,0.0,0.0,0.0,6,unknown,G106
PRJNA1273658,Klebsiella pneumoniae,India,2023-10-24,,,human,unknown,unknown,,Northern,,,SAMN48953051,1,R,UNSPECIFIED_REPORTED,,0.0,0.0,1.0,0.0,0.0,0.0,0.0,1.0,0.0,0.0,0.0,0.0,1.0,0.0,0.0,0.0,0.0,1.0,0.0,0.0,0.0,0.0,1.0,0.0,0.0,0.0,1.0,0.0,0.0,0.0,6,unknown,G107
PRJNA1273658,Klebsiella pneumoniae,India,2023-10-28,,,human,unknown,unknown,,Northern,,,SAMN48953052,1,R,UNSPECIFIED_REPORTED,,0.0,0.0,1.0,0.0,0.0,0.0,0.0,1.0,0.0,0.0,0.0,0.0,1.0,0.0,0.0,0.0,0.0,1.0,0.0,0.0,0.0,0.0,1.0,0.0,0.0,0.0,1.0,0.0,0.0,0.0,6,unknown,G108
PRJNA1273658,Klebsiella pneumoniae,India,2024-04-23,,,human,unknown,unknown,,Northern,,,SAMN48953053,1,R,UNSPECIFIED_REPORTED,,0.0,0.0,1.0,0.0,0.0,0.0,0.0,1.0,0.0,0.0,0.0,0.0,1.0,0.0,0.0,0.0,0.0,1.0,0.0,0.0,0.0,0.0,1.0,0.0,0.0,0.0,1.0,0.0,0.0,0.0,6,unknown,G109
PRJNA1273658,Klebsiella pneumoniae,India,2024-05-30,,,human,unknown,unknown,,Northern,,,SAMN48953054,1,R,UNSPECIFIED_REPORTED,,0.0,0.0,1.0,0.0,0.0,0.0,0.0,1.0,0.0,0.0,0.0,0.0,1.0,0.0,0.0,0.0,0.0,1.0,0.0,0.0,0.0,0.0,1.0,0.0,0.0,0.0,1.0,0.0,0.0,0.0,6,unknown,G110
PRJNA1273658,Klebsiella pneumoniae,India,2024-05-17,,,human,unknown,unknown,,Northern,,,SAMN48953055,1,R,UNSPECIFIED_REPORTED,,0.0,0.0,1.0,0.0,0.0,0.0,0.0,1.0,0.0,0.0,0.0,0.0,1.0,0.0,0.0,1.0,0.0,0.0,0.0,0.0,1.0,0.0,0.0,0.0,0.0,0.0,1.0,0.0,0.0,0.0,6,unknown,G111
PRJNA1273658,Klebsiella pneumoniae,India,2024-07-05,,,human,unknown,unknown,,Northern,,,SAMN48953056,1,R,UNSPECIFIED_REPORTED,,0.0,0.0,1.0,0.0,0.0,0.0,0.0,1.0,0.0,0.0,0.0,0.0,1.0,0.0,0.0,0.0,0.0,1.0,0.0,0.0,0.0,0.0,1.0,0.0,0.0,0.0,1.0,0.0,0.0,0.0,6,unknown,G112
PRJNA1273658,Klebsiella pneumoniae,India,2023-02-20,,,human,unknown,unknown,,Western,,,SAMN48953057,1,R,UNSPECIFIED_REPORTED,,0.0,0.0,1.0,0.0,0.0,0.0,0.0,1.0,0.0,0.0,0.0,0.0,1.0,0.0,0.0,0.0,0.0,1.0,0.0,0.0,0.0,1.0,0.0,0.0,0.0,1.0,0.0,0.0,0.0,0.0,6,unknown,G113
PRJNA1273658,Klebsiella pneumoniae,India,2023-02-20,,,human,unknown,unknown,,Western,,,SAMN48953058,1,R,UNSPECIFIED_REPORTED,,0.0,0.0,1.0,0.0,0.0,0.0,0.0,1.0,0.0,0.0,0.0,0.0,1.0,0.0,0.0,0.0,0.0,1.0,0.0,0.0,0.0,1.0,0.0,0.0,0.0,1.0,0.0,0.0,0.0,0.0,6,unknown,G114
PRJNA1273658,Klebsiella pneumoniae,India,2023-02-19,,,human,unknown,unknown,,Western,,,SAMN48953059,1,R,UNSPECIFIED_REPORTED,,0.0,0.0,1.0,0.0,0.0,0.0,0.0,1.0,0.0,0.0,0.0,0.0,1.0,0.0,0.0,0.0,0.0,1.0,0.0,0.0,0.0,1.0,0.0,0.0,0.0,1.0,0.0,0.0,0.0,0.0,6,unknown,G115
PRJNA1273658,Klebsiella pneumoniae,India,2023-02-15,,,human,unknown,unknown,,Western,,,SAMN48953060,1,R,UNSPECIFIED_REPORTED,,0.0,0.0,1.0,0.0,0.0,0.0,0.0,1.0,0.0,0.0,0.0,0.0,1.0,0.0,0.0,0.0,1.0,0.0,0.0,0.0,0.0,1.0,0.0,0.0,0.0,1.0,0.0,0.0,0.0,0.0,6,unknown,G116
PRJNA1273658,Klebsiella pneumoniae,India,2023-02-16,,,human,unknown,unknown,,Western,,,SAMN48953061,1,R,UNSPECIFIED_REPORTED,,0.0,0.0,1.0,0.0,0.0,0.0,0.0,1.0,0.0,0.0,0.0,0.0,1.0,0.0,0.0,0.0,1.0,0.0,0.0,0.0,0.0,1.0,0.0,0.0,0.0,1.0,0.0,0.0,0.0,0.0,6,unknown,G117
PRJNA1273658,Klebsiella pneumoniae,India,2023-02-12,,,human,unknown,unknown,,Western,,,SAMN48953062,1,R,UNSPECIFIED_REPORTED,,0.0,0.0,1.0,0.0,0.0,0.0,0.0,1.0,0.0,0.0,0.0,0.0,1.0,0.0,0.0,0.0,0.0,1.0,0.0,0.0,0.0,1.0,0.0,0.0,0.0,1.0,0.0,0.0,0.0,0.0,6,unknown,G118
PRJNA1273658,Klebsiella pneumoniae,India,2023-03-03,,,human,unknown,unknown,,Western,,,SAMN48953063,1,R,UNSPECIFIED_REPORTED,,0.0,0.0,1.0,0.0,0.0,0.0,0.0,1.0,0.0,0.0,0.0,0.0,1.0,0.0,0.0,0.0,0.0,1.0,0.0,0.0,0.0,1.0,0.0,0.0,0.0,1.0,0.0,0.0,0.0,0.0,6,unknown,G119
PRJNA1273658,Klebsiella pneumoniae,India,2023-04-30,,,human,unknown,unknown,,Western,,,SAMN48953064,1,R,UNSPECIFIED_REPORTED,,0.0,0.0,1.0,0.0,0.0,0.0,0.0,1.0,0.0,0.0,0.0,0.0,1.0,0.0,0.0,1.0,0.0,0.0,0.0,0.0,1.0,0.0,0.0,0.0,0.0,1.0,0.0,0.0,0.0,0.0,6,unknown,G120
PRJNA1273658,Klebsiella pneumoniae,India,2023-05-07,,,human,unknown,unknown,,Western,,,SAMN48953065,1,R,UNSPECIFIED_REPORTED,,0.0,0.0,1.0,0.0,0.0,0.0,0.0,1.0,0.0,0.0,0.0,0.0,1.0,0.0,0.0,1.0,0.0,0.0,0.0,0.0,1.0,0.0,0.0,0.0,0.0,1.0,0.0,0.0,0.0,0.0,6,unknown,G121
PRJNA1273658,Klebsiella pneumoniae,India,2023-05-01,,,human,unknown,unknown,,Western,,,SAMN48953066,1,R,UNSPECIFIED_REPORTED,,0.0,0.0,1.0,0.0,0.0,0.0,0.0,1.0,0.0,0.0,0.0,0.0,1.0,0.0,0.0,0.0,0.0,1.0,0.0,0.0,0.0,0.0,1.0,0.0,0.0,1.0,0.0,0.0,0.0,0.0,6,unknown,G122
PRJNA1273658,Klebsiella pneumoniae,India,2023-06-03,,,human,unknown,unknown,,Western,,,SAMN48953067,1,R,UNSPECIFIED_REPORTED,,0.0,0.0,1.0,0.0,0.0,0.0,0.0,1.0,0.0,0.0,0.0,0.0,1.0,0.0,0.0,0.0,0.0,1.0,0.0,0.0,0.0,0.0,1.0,0.0,0.0,1.0,0.0,0.0,0.0,0.0,6,unknown,G123
PRJNA1273658,Klebsiella pneumoniae,India,2023-05-31,,,human,unknown,unknown,,Western,,,SAMN48953068,1,R,UNSPECIFIED_REPORTED,,0.0,0.0,1.0,0.0,0.0,0.0,0.0,1.0,0.0,0.0,0.0,0.0,1.0,0.0,0.0,0.0,0.0,1.0,0.0,0.0,0.0,0.0,1.0,0.0,0.0,1.0,0.0,0.0,0.0,0.0,6,unknown,G124
PRJNA1273658,Klebsiella pneumoniae,India,2023-06-04,,,human,unknown,unknown,,Western,,,SAMN48953069,1,R,UNSPECIFIED_REPORTED,,0.0,0.0,1.0,0.0,0.0,0.0,0.0,1.0,0.0,0.0,0.0,0.0,1.0,0.0,0.0,0.0,0.0,1.0,0.0,0.0,1.0,0.0,0.0,0.0,0.0,1.0,0.0,0.0,0.0,0.0,6,unknown,G125
PRJNA1273658,Klebsiella pneumoniae,India,2023-07-02,,,human,unknown,unknown,,Western,,,SAMN48953070,1,R,UNSPECIFIED_REPORTED,,0.0,0.0,1.0,0.0,0.0,0.0,0.0,1.0,0.0,0.0,0.0,0.0,1.0,0.0,0.0,0.0,0.0,1.0,0.0,0.0,0.0,0.0,1.0,0.0,0.0,0.0,0.0,1.0,0.0,0.0,6,unknown,G126
PRJNA1273658,Klebsiella pneumoniae,India,2023-06-29,,,human,unknown,unknown,,Western,,,SAMN48953071,0,S,UNSPECIFIED_REPORTED,,0.0,0.0,1.0,0.0,0.0,0.0,0.0,1.0,0.0,0.0,0.0,0.0,1.0,0.0,0.0,1.0,0.0,0.0,0.0,0.0,1.0,0.0,0.0,0.0,0.0,1.0,0.0,0.0,0.0,0.0,6,unknown,G127
PRJNA1273658,Klebsiella pneumoniae,India,2022-08-18,,,human,unknown,unknown,,Western,,,SAMN48953072,1,R,UNSPECIFIED_REPORTED,,0.0,0.0,1.0,0.0,0.0,0.0,0.0,1.0,0.0,0.0,0.0,0.0,1.0,0.0,0.0,1.0,0.0,0.0,0.0,0.0,0.0,1.0,0.0,0.0,0.0,0.0,0.0,1.0,0.0,0.0,6,unknown,G128
PRJNA1273658,Klebsiella pneumoniae,India,2022-08-19,,,human,unknown,unknown,,Western,,,SAMN48953073,1,R,UNSPECIFIED_REPORTED,,0.0,0.0,1.0,0.0,0.0,0.0,0.0,1.0,0.0,0.0,0.0,0.0,1.0,0.0,0.0,0.0,0.0,1.0,0.0,0.0,0.0,1.0,0.0,0.0,0.0,0.0,0.0,1.0,0.0,0.0,6,unknown,G129
PRJNA1273658,Klebsiella pneumoniae,India,2022-08-29,,,human,unknown,unknown,,Western,,,SAMN48953074,1,R,UNSPECIFIED_REPORTED,,0.0,0.0,1.0,0.0,0.0,0.0,0.0,1.0,0.0,0.0,0.0,0.0,1.0,0.0,0.0,1.0,0.0,0.0,0.0,0.0,1.0,0.0,0.0,0.0,0.0,0.0,0.0,1.0,0.0,0.0,6,unknown,G130
PRJNA1273658,Klebsiella pneumoniae,India,2022-08-06,,,human,unknown,unknown,,Western,,,SAMN48953075,1,R,UNSPECIFIED_REPORTED,,0.0,0.0,1.0,0.0,0.0,0.0,0.0,1.0,0.0,0.0,0.0,0.0,1.0,0.0,0.0,0.0,0.0,1.0,0.0,0.0,0.0,1.0,0.0,0.0,0.0,0.0,0.0,1.0,0.0,0.0,6,unknown,G131
PRJNA1273658,Klebsiella pneumoniae,India,2023-11-24,,,human,unknown,unknown,,Western,,,SAMN48953076,1,R,UNSPECIFIED_REPORTED,,0.0,0.0,1.0,0.0,0.0,0.0,0.0,1.0,0.0,0.0,0.0,0.0,1.0,0.0,0.0,0.0,0.0,1.0,0.0,0.0,0.0,0.0,1.0,0.0,0.0,1.0,0.0,0.0,0.0,0.0,6,unknown,G132
PRJNA1273658,Klebsiella pneumoniae,India,2023-11-29,,,human,unknown,unknown,,Western,,,SAMN48953077,1,R,UNSPECIFIED_REPORTED,,0.0,0.0,1.0,0.0,0.0,0.0,0.0,1.0,0.0,0.0,0.0,0.0,1.0,0.0,0.0,1.0,0.0,0.0,0.0,0.0,0.0,0.0,1.0,0.0,0.0,1.0,0.0,0.0,0.0,0.0,6,unknown,G133
PRJNA1273658,Klebsiella pneumoniae,India,2024-05-09,,,human,unknown,unknown,,Western,,,SAMN48953078,1,R,UNSPECIFIED_REPORTED,,0.0,0.0,1.0,0.0,0.0,0.0,0.0,1.0,0.0,0.0,0.0,0.0,1.0,0.0,0.0,0.0,0.0,1.0,0.0,0.0,0.0,0.0,1.0,0.0,0.0,1.0,0.0,0.0,0.0,0.0,6,unknown,G134
PRJNA1273658,Klebsiella pneumoniae,India,2024-05-28,,,human,unknown,unknown,,Western,,,SAMN48953079,1,R,UNSPECIFIED_REPORTED,,0.0,0.0,1.0,0.0,0.0,0.0,0.0,1.0,0.0,0.0,0.0,0.0,1.0,0.0,0.0,0.0,0.0,1.0,0.0,0.0,0.0,0.0,1.0,0.0,0.0,1.0,0.0,0.0,0.0,0.0,6,unknown,G135
PRJNA1273658,Klebsiella pneumoniae,India,2023-06-17,,,human,unknown,unknown,,Western,,,SAMN48953080,1,R,UNSPECIFIED_REPORTED,,0.0,0.0,1.0,0.0,0.0,0.0,0.0,1.0,0.0,0.0,0.0,0.0,1.0,0.0,0.0,0.0,0.0,1.0,0.0,0.0,1.0,0.0,0.0,0.0,0.0,1.0,0.0,0.0,0.0,0.0,6,unknown,G136
PRJNA1273658,Klebsiella pneumoniae,India,2023-06-16,,,human,unknown,unknown,,Western,,,SAMN48953081,1,R,UNSPECIFIED_REPORTED,,0.0,0.0,1.0,0.0,0.0,0.0,0.0,1.0,0.0,0.0,0.0,0.0,1.0,0.0,0.0,0.0,0.0,1.0,0.0,0.0,0.0,0.0,1.0,0.0,0.0,1.0,0.0,0.0,0.0,0.0,6,unknown,G137
PRJNA1273658,Klebsiella pneumoniae,India,2023-06-16,,,human,unknown,unknown,,Western,,,SAMN48953082,1,R,UNSPECIFIED_REPORTED,,0.0,0.0,1.0,0.0,0.0,0.0,0.0,1.0,0.0,0.0,0.0,0.0,1.0,0.0,0.0,1.0,0.0,0.0,0.0,0.0,0.0,0.0,1.0,0.0,0.0,1.0,0.0,0.0,0.0,0.0,6,unknown,G138
PRJNA1273658,Klebsiella pneumoniae,India,2023-07-13,,,human,unknown,unknown,,Western,,,SAMN48953083,1,R,UNSPECIFIED_REPORTED,,0.0,0.0,1.0,0.0,0.0,0.0,0.0,1.0,0.0,0.0,0.0,0.0,1.0,0.0,0.0,0.0,0.0,1.0,0.0,0.0,0.0,0.0,1.0,0.0,0.0,1.0,0.0,0.0,0.0,0.0,6,unknown,G139
PRJNA1273658,Klebsiella pneumoniae,India,2023-07-05,,,human,unknown,unknown,,Western,,,SAMN48953084,1,R,UNSPECIFIED_REPORTED,,0.0,0.0,1.0,0.0,0.0,0.0,0.0,1.0,0.0,0.0,0.0,0.0,1.0,0.0,0.0,0.0,0.0,1.0,0.0,0.0,0.0,0.0,1.0,0.0,0.0,1.0,0.0,0.0,0.0,0.0,6,unknown,G140
PRJNA1273658,Klebsiella pneumoniae,India,2023-07-18,,,human,unknown,unknown,,Western,,,SAMN48953085,1,R,UNSPECIFIED_REPORTED,,0.0,0.0,1.0,0.0,0.0,0.0,0.0,1.0,0.0,0.0,0.0,0.0,1.0,0.0,0.0,0.0,0.0,1.0,0.0,0.0,0.0,0.0,1.0,0.0,0.0,1.0,0.0,0.0,0.0,0.0,6,unknown,G141
PRJNA1273658,Klebsiella pneumoniae,India,2023-07-19,,,human,unknown,unknown,,Western,,,SAMN48953086,1,R,UNSPECIFIED_REPORTED,,0.0,0.0,1.0,0.0,0.0,0.0,0.0,1.0,0.0,0.0,0.0,0.0,1.0,0.0,0.0,0.0,0.0,1.0,0.0,0.0,0.0,0.0,1.0,0.0,0.0,1.0,0.0,0.0,0.0,0.0,6,unknown,G142
PRJNA1273658,Klebsiella pneumoniae,India,2023-07-28,,,human,unknown,unknown,,Western,,,SAMN48953087,1,R,UNSPECIFIED_REPORTED,,0.0,0.0,1.0,0.0,0.0,0.0,0.0,1.0,0.0,0.0,0.0,0.0,1.0,0.0,0.0,0.0,0.0,1.0,0.0,0.0,0.0,0.0,1.0,0.0,0.0,1.0,0.0,0.0,0.0,0.0,6,unknown,G143
PRJNA1273658,Pseudomonas aeruginosa,India,2023-05-21,,,human,unknown,unknown,,Northern,,,SAMN48953088,1,R,UNSPECIFIED_REPORTED,,0.0,0.0,1.0,0.0,0.0,0.0,0.0,1.0,0.0,0.0,0.0,0.0,1.0,0.0,0.0,0.0,0.0,0.0,0.0,1.0,0.0,0.0,0.0,0.0,1.0,0.0,1.0,0.0,0.0,0.0,4,unknown,G144
PRJNA1273658,Pseudomonas aeruginosa,India,2022-11-30,,,human,unknown,unknown,,Northern,,,SAMN48953089,1,R,UNSPECIFIED_REPORTED,,0.0,0.0,1.0,0.0,0.0,0.0,0.0,1.0,0.0,0.0,0.0,0.0,1.0,0.0,0.0,0.0,0.0,0.0,0.0,1.0,0.0,0.0,0.0,0.0,1.0,0.0,1.0,0.0,0.0,0.0,4,unknown,G145
PRJNA1273658,Pseudomonas aeruginosa,India,2022-11-30,,,human,unknown,unknown,,Northern,,,SAMN48953090,1,R,UNSPECIFIED_REPORTED,,0.0,0.0,1.0,0.0,0.0,0.0,0.0,1.0,0.0,0.0,0.0,0.0,1.0,0.0,0.0,0.0,0.0,0.0,0.0,1.0,0.0,0.0,0.0,0.0,1.0,0.0,1.0,0.0,0.0,0.0,4,unknown,G146
PRJNA1273658,Pseudomonas aeruginosa,India,2022-09-04,,,human,unknown,unknown,,Northern,,,SAMN48953091,1,R,UNSPECIFIED_REPORTED,,0.0,0.0,1.0,0.0,0.0,0.0,0.0,1.0,0.0,0.0,0.0,0.0,1.0,0.0,0.0,0.0,0.0,0.0,0.0,1.0,0.0,0.0,0.0,0.0,1.0,0.0,1.0,0.0,0.0,0.0,4,unknown,G147
PRJNA1273658,Pseudomonas aeruginosa,India,2022-09-18,,,human,unknown,unknown,,Northern,,,SAMN48953092,1,R,UNSPECIFIED_REPORTED,,0.0,0.0,1.0,0.0,0.0,0.0,0.0,1.0,0.0,0.0,0.0,0.0,1.0,0.0,0.0,0.0,0.0,0.0,0.0,1.0,0.0,0.0,0.0,0.0,1.0,0.0,1.0,0.0,0.0,0.0,4,unknown,G148
PRJNA1273658,Pseudomonas aeruginosa,India,2022-09-20,,,human,unknown,unknown,,Northern,,,SAMN48953093,1,R,UNSPECIFIED_REPORTED,,0.0,0.0,1.0,0.0,0.0,0.0,0.0,1.0,0.0,0.0,0.0,0.0,1.0,0.0,0.0,0.0,0.0,0.0,0.0,1.0,0.0,0.0,0.0,0.0,1.0,0.0,1.0,0.0,0.0,0.0,4,unknown,G149
PRJNA1273658,Pseudomonas aeruginosa,India,2023-09-05,,,human,unknown,unknown,,Northern,,,SAMN48953094,1,R,UNSPECIFIED_REPORTED,,0.0,0.0,1.0,0.0,0.0,0.0,0.0,1.0,0.0,0.0,0.0,0.0,1.0,0.0,0.0,0.0,0.0,0.0,0.0,1.0,0.0,0.0,0.0,0.0,1.0,0.0,1.0,0.0,0.0,0.0,4,unknown,G150
PRJNA1273658,Pseudomonas aeruginosa,India,2023-09-12,,,human,unknown,unknown,,Northern,,,SAMN48953095,1,R,UNSPECIFIED_REPORTED,,0.0,0.0,1.0,0.0,0.0,0.0,0.0,1.0,0.0,0.0,0.0,0.0,1.0,0.0,0.0,0.0,0.0,0.0,0.0,1.0,0.0,0.0,0.0,0.0,1.0,0.0,1.0,0.0,0.0,0.0,4,unknown,G151
PRJNA1273658,Pseudomonas aeruginosa,India,2023-09-18,,,human,unknown,unknown,,Northern,,,SAMN48953096,1,R,UNSPECIFIED_REPORTED,,0.0,0.0,1.0,0.0,0.0,0.0,0.0,1.0,0.0,0.0,0.0,0.0,1.0,0.0,0.0,0.0,0.0,0.0,0.0,1.0,0.0,0.0,0.0,0.0,1.0,0.0,1.0,0.0,0.0,0.0,4,unknown,G152
PRJNA1273658,Pseudomonas aeruginosa,India,2022-07-29,,,human,unknown,unknown,,Northern,,,SAMN48953097,1,R,UNSPECIFIED_REPORTED,,0.0,0.0,1.0,0.0,0.0,0.0,0.0,1.0,0.0,0.0,0.0,0.0,1.0,0.0,0.0,0.0,0.0,0.0,0.0,1.0,0.0,0.0,1.0,0.0,0.0,0.0,1.0,0.0,0.0,0.0,5,unknown,G153
PRJNA1273658,Pseudomonas aeruginosa,India,2023-10-06,,,human,unknown,unknown,,Northern,,,SAMN48953098,1,R,UNSPECIFIED_REPORTED,,0.0,0.0,1.0,0.0,0.0,0.0,0.0,1.0,0.0,0.0,0.0,0.0,1.0,0.0,0.0,0.0,0.0,0.0,0.0,1.0,0.0,0.0,0.0,0.0,1.0,0.0,1.0,0.0,0.0,0.0,4,unknown,G154
PRJNA1273658,Pseudomonas aeruginosa,India,2023-10-22,,,human,unknown,unknown,,Northern,,,SAMN48953099,1,R,UNSPECIFIED_REPORTED,,0.0,0.0,1.0,0.0,0.0,0.0,0.0,1.0,0.0,0.0,0.0,0.0,1.0,0.0,0.0,0.0,0.0,0.0,0.0,1.0,0.0,0.0,0.0,0.0,1.0,0.0,1.0,0.0,0.0,0.0,4,unknown,G155
PRJNA1273658,Pseudomonas aeruginosa,India,2023-10-22,,,human,unknown,unknown,,Northern,,,SAMN48953100,1,R,UNSPECIFIED_REPORTED,,0.0,0.0,1.0,0.0,0.0,0.0,0.0,1.0,0.0,0.0,0.0,0.0,1.0,0.0,0.0,0.0,0.0,0.0,0.0,1.0,0.0,0.0,0.0,0.0,1.0,0.0,1.0,0.0,0.0,0.0,4,unknown,G156
PRJNA1273658,Pseudomonas aeruginosa,India,2022-12-02,,,human,unknown,unknown,,Northern,,,SAMN48953101,1,R,UNSPECIFIED_REPORTED,,0.0,0.0,1.0,0.0,0.0,0.0,0.0,1.0,0.0,0.0,0.0,0.0,1.0,0.0,0.0,0.0,0.0,0.0,0.0,1.0,0.0,0.0,1.0,0.0,0.0,0.0,1.0,0.0,0.0,0.0,5,unknown,G157
PRJNA1273658,Pseudomonas aeruginosa,India,2024-02-19,,,human,unknown,unknown,,Northern,,,SAMN48953108,1,R,UNSPECIFIED_REPORTED,,0.0,0.0,1.0,0.0,0.0,0.0,0.0,0.0,0.0,1.0,0.0,0.0,1.0,0.0,0.0,0.0,0.0,0.0,0.0,1.0,0.0,0.0,0.0,0.0,1.0,0.0,1.0,0.0,0.0,0.0,3,unknown,G158
PRJNA1273658,Pseudomonas aeruginosa,India,2024-04-23,,,human,unknown,unknown,,Northern,,,SAMN48953109,1,R,UNSPECIFIED_REPORTED,,0.0,0.0,1.0,0.0,0.0,0.0,0.0,1.0,0.0,0.0,0.0,0.0,1.0,0.0,0.0,0.0,0.0,0.0,0.0,1.0,0.0,0.0,0.0,0.0,1.0,0.0,1.0,0.0,0.0,0.0,4,unknown,G159
PRJNA1273658,Pseudomonas aeruginosa,India,2024-04-23,,,human,unknown,unknown,,Northern,,,SAMN48953110,1,R,UNSPECIFIED_REPORTED,,0.0,1.0,0.0,0.0,0.0,0.0,1.0,0.0,0.0,0.0,0.0,0.0,1.0,0.0,0.0,0.0,0.0,0.0,0.0,1.0,0.0,0.0,0.0,0.0,1.0,0.0,1.0,0.0,0.0,0.0,4,unknown,G160
PRJNA1273658,Pseudomonas aeruginosa,India,2024-04-23,,,human,unknown,unknown,,Northern,,,SAMN48953111,1,R,UNSPECIFIED_REPORTED,,0.0,0.0,1.0,0.0,0.0,0.0,0.0,1.0,0.0,0.0,0.0,0.0,1.0,0.0,0.0,0.0,0.0,0.0,0.0,1.0,0.0,0.0,0.0,0.0,1.0,0.0,1.0,0.0,0.0,0.0,4,unknown,G161
PRJNA1273658,Pseudomonas aeruginosa,India,2024-05-12,,,human,unknown,unknown,,Northern,,,SAMN48953112,1,R,UNSPECIFIED_REPORTED,,0.0,0.0,1.0,0.0,0.0,0.0,0.0,1.0,0.0,0.0,0.0,0.0,1.0,0.0,0.0,0.0,0.0,0.0,0.0,1.0,0.0,0.0,1.0,0.0,0.0,0.0,1.0,0.0,0.0,0.0,5,unknown,G162
PRJNA1273658,Pseudomonas aeruginosa,India,2024-05-07,,,human,unknown,unknown,,Northern,,,SAMN48953113,1,R,UNSPECIFIED_REPORTED,,0.0,0.0,1.0,0.0,0.0,0.0,0.0,1.0,0.0,0.0,0.0,0.0,1.0,0.0,0.0,0.0,0.0,0.0,0.0,1.0,0.0,0.0,0.0,0.0,1.0,0.0,1.0,0.0,0.0,0.0,4,unknown,G163
PRJNA1273658,Pseudomonas aeruginosa,India,2024-05-01,,,human,unknown,unknown,,Northern,,,SAMN48953114,1,R,UNSPECIFIED_REPORTED,,0.0,0.0,1.0,0.0,0.0,0.0,0.0,1.0,0.0,0.0,0.0,0.0,1.0,0.0,0.0,0.0,0.0,0.0,0.0,1.0,0.0,0.0,1.0,0.0,0.0,0.0,1.0,0.0,0.0,0.0,5,unknown,G164
PRJNA1273658,Pseudomonas aeruginosa,India,2024-04-29,,,human,unknown,unknown,,Northern,,,SAMN48953115,1,R,UNSPECIFIED_REPORTED,,0.0,0.0,1.0,0.0,0.0,0.0,0.0,1.0,0.0,0.0,0.0,0.0,1.0,0.0,0.0,0.0,0.0,0.0,0.0,1.0,0.0,0.0,1.0,0.0,0.0,0.0,1.0,0.0,0.0,0.0,5,unknown,G165
PRJNA1273658,Pseudomonas aeruginosa,India,2024-05-01,,,human,unknown,unknown,,Northern,,,SAMN48953116,1,R,UNSPECIFIED_REPORTED,,0.0,0.0,1.0,0.0,0.0,0.0,0.0,1.0,0.0,0.0,0.0,0.0,1.0,0.0,0.0,0.0,0.0,0.0,0.0,1.0,0.0,0.0,1.0,0.0,0.0,0.0,1.0,0.0,0.0,0.0,5,unknown,G166
PRJNA1273658,Pseudomonas aeruginosa,India,2024-05-31,,,human,unknown,unknown,,Northern,,,SAMN48953117,1,R,UNSPECIFIED_REPORTED,,0.0,0.0,1.0,0.0,0.0,0.0,0.0,1.0,0.0,0.0,0.0,0.0,1.0,0.0,0.0,0.0,0.0,0.0,0.0,1.0,0.0,0.0,0.0,0.0,1.0,0.0,1.0,0.0,0.0,0.0,4,unknown,G167
PRJNA1273658,Pseudomonas aeruginosa,India,2024-07-05,,,human,unknown,unknown,,Northern,,,SAMN48953118,1,R,UNSPECIFIED_REPORTED,,0.0,0.0,1.0,0.0,0.0,0.0,0.0,1.0,0.0,0.0,0.0,0.0,1.0,0.0,0.0,0.0,0.0,0.0,0.0,1.0,0.0,0.0,0.0,0.0,1.0,0.0,1.0,0.0,0.0,0.0,4,unknown,G168
PRJNA1273658,Pseudomonas aeruginosa,India,2023-05-24,,,human,unknown,unknown,,Western,,,SAMN48953119,1,R,UNSPECIFIED_REPORTED,,0.0,0.0,1.0,0.0,0.0,0.0,0.0,1.0,0.0,0.0,0.0,0.0,1.0,0.0,0.0,0.0,0.0,0.0,0.0,1.0,0.0,0.0,0.0,0.0,1.0,1.0,0.0,0.0,0.0,0.0,4,unknown,G169
PRJNA1273658,Pseudomonas aeruginosa,India,2022-08-18,,,human,unknown,unknown,,Western,,,SAMN48953120,1,R,UNSPECIFIED_REPORTED,,0.0,0.0,1.0,0.0,0.0,0.0,0.0,1.0,0.0,0.0,0.0,0.0,1.0,0.0,0.0,0.0,0.0,0.0,0.0,1.0,0.0,0.0,1.0,0.0,0.0,1.0,0.0,0.0,0.0,0.0,5,unknown,G170
PRJNA1273658,Pseudomonas aeruginosa,India,2022-08-20,,,human,unknown,unknown,,Western,,,SAMN48953121,1,R,UNSPECIFIED_REPORTED,,0.0,0.0,1.0,0.0,0.0,0.0,0.0,1.0,0.0,0.0,0.0,0.0,1.0,0.0,0.0,0.0,0.0,0.0,0.0,1.0,0.0,0.0,1.0,0.0,0.0,1.0,0.0,0.0,0.0,0.0,5,unknown,G171
PRJNA1273658,Pseudomonas aeruginosa,India,2022-07-30,,,human,unknown,unknown,,Western,,,SAMN48953122,1,R,UNSPECIFIED_REPORTED,,0.0,0.0,1.0,0.0,0.0,0.0,0.0,1.0,0.0,0.0,0.0,0.0,1.0,0.0,0.0,0.0,0.0,0.0,0.0,1.0,0.0,0.0,1.0,0.0,0.0,1.0,0.0,0.0,0.0,0.0,5,unknown,G172
PRJNA1273658,Pseudomonas aeruginosa,India,2024-05-18,,,human,unknown,unknown,,Western,,,SAMN48953123,1,R,UNSPECIFIED_REPORTED,,0.0,0.0,1.0,0.0,0.0,0.0,0.0,1.0,0.0,0.0,0.0,0.0,1.0,0.0,0.0,0.0,0.0,0.0,0.0,1.0,0.0,0.0,1.0,0.0,0.0,1.0,0.0,0.0,0.0,0.0,5,unknown,G173
PRJNA1273658,Pseudomonas aeruginosa,India,2024-06-17,,,human,unknown,unknown,,Western,,,SAMN48953124,1,R,UNSPECIFIED_REPORTED,,0.0,0.0,1.0,0.0,0.0,0.0,0.0,1.0,0.0,0.0,0.0,0.0,1.0,0.0,0.0,0.0,0.0,0.0,0.0,1.0,0.0,0.0,1.0,0.0,0.0,1.0,0.0,0.0,0.0,0.0,5,unknown,G174
PRJNA1273658,Pseudomonas aeruginosa,India,2024-06-22,,,human,unknown,unknown,,Western,,,SAMN48953125,1,R,UNSPECIFIED_REPORTED,,0.0,0.0,1.0,0.0,0.0,0.0,0.0,1.0,0.0,0.0,0.0,0.0,1.0,0.0,0.0,0.0,0.0,0.0,0.0,1.0,0.0,0.0,1.0,0.0,0.0,1.0,0.0,0.0,0.0,0.0,5,unknown,G175
PRJNA1273658,Pseudomonas aeruginosa,India,2024-06-21,,,human,unknown,unknown,,Western,,,SAMN48953126,1,R,UNSPECIFIED_REPORTED,,0.0,0.0,1.0,0.0,0.0,0.0,0.0,1.0,0.0,0.0,0.0,0.0,1.0,0.0,0.0,0.0,0.0,0.0,0.0,1.0,0.0,0.0,1.0,0.0,0.0,1.0,0.0,0.0,0.0,0.0,5,unknown,G176
PRJNA1273658,Pseudomonas aeruginosa,India,2024-07-16,,,human,unknown,unknown,,Western,,,SAMN48953127,1,R,UNSPECIFIED_REPORTED,,0.0,0.0,1.0,0.0,0.0,0.0,0.0,1.0,0.0,0.0,0.0,0.0,1.0,0.0,0.0,0.0,0.0,0.0,0.0,1.0,0.0,0.0,1.0,0.0,0.0,1.0,0.0,0.0,0.0,0.0,5,unknown,G177
PRJNA1273658,Pseudomonas aeruginosa,India,2024-07-16,,,human,unknown,unknown,,Western,,,SAMN48953128,1,R,UNSPECIFIED_REPORTED,,0.0,0.0,1.0,0.0,0.0,0.0,0.0,1.0,0.0,0.0,0.0,0.0,1.0,0.0,0.0,0.0,0.0,0.0,0.0,1.0,0.0,0.0,1.0,0.0,0.0,1.0,0.0,0.0,0.0,0.0,5,unknown,G178
PRJNA1273658,Proteus mirabilis,India,2023-11-22,,,human,unknown,unknown,,Northern,,,SAMN48953131,0,S,UNSPECIFIED_REPORTED,,0.0,0.0,1.0,0.0,0.0,0.0,0.0,1.0,0.0,0.0,0.0,0.0,1.0,0.0,0.0,0.0,0.0,1.0,0.0,0.0,0.0,0.0,1.0,0.0,0.0,0.0,0.0,1.0,0.0,0.0,6,unknown,G179
PRJNA1273658,Proteus mirabilis,India,2023-11-22,,,human,unknown,unknown,,Northern,,,SAMN48953132,1,R,UNSPECIFIED_REPORTED,,0.0,0.0,1.0,0.0,0.0,0.0,0.0,1.0,0.0,0.0,0.0,0.0,1.0,0.0,0.0,0.0,0.0,1.0,0.0,0.0,0.0,0.0,1.0,0.0,0.0,0.0,0.0,1.0,0.0,0.0,6,unknown,G180
PRJNA1273658,Proteus mirabilis,India,2024-04-17,,,human,unknown,unknown,,Northern,,,SAMN48953133,1,R,UNSPECIFIED_REPORTED,,1.0,0.0,0.0,0.0,0.0,1.0,0.0,0.0,0.0,0.0,0.0,0.0,1.0,0.0,0.0,0.0,0.0,1.0,0.0,0.0,0.0,0.0,1.0,0.0,0.0,0.0,0.0,1.0,0.0,0.0,6,unknown,G181
PRJNA1273658,Proteus mirabilis,India,2024-04-27,,,human,unknown,unknown,,Northern,,,SAMN48953134,1,R,UNSPECIFIED_REPORTED,,0.0,0.0,1.0,0.0,0.0,0.0,0.0,1.0,0.0,0.0,0.0,0.0,1.0,0.0,0.0,0.0,0.0,1.0,0.0,0.0,0.0,0.0,1.0,0.0,0.0,0.0,0.0,1.0,0.0,0.0,6,unknown,G182
PRJNA1273658,Proteus mirabilis,India,2024-04-10,,,human,unknown,unknown,,Northern,,,SAMN48953135,0,S,UNSPECIFIED_REPORTED,,0.0,0.0,0.0,1.0,0.0,0.0,0.0,1.0,0.0,0.0,0.0,0.0,1.0,0.0,0.0,0.0,1.0,0.0,0.0,0.0,0.0,0.0,1.0,0.0,0.0,0.0,0.0,1.0,0.0,0.0,6,unknown,G183
PRJNA1273658,Providencia rettgeri,India,2024-04-16,,,human,unknown,unknown,,Northern,,,SAMN48953137,1,R,UNSPECIFIED_REPORTED,,0.0,0.0,1.0,0.0,0.0,0.0,0.0,1.0,0.0,0.0,0.0,0.0,1.0,0.0,0.0,0.0,0.0,1.0,0.0,0.0,0.0,0.0,1.0,0.0,0.0,0.0,0.0,1.0,0.0,0.0,6,unknown,G184
PRJNA1273658,Providencia rettgeri,India,2024-04-27,,,human,unknown,unknown,,Northern,,,SAMN48953138,1,R,UNSPECIFIED_REPORTED,,0.0,0.0,1.0,0.0,0.0,0.0,0.0,1.0,0.0,0.0,0.0,0.0,1.0,0.0,0.0,0.0,0.0,1.0,0.0,0.0,0.0,0.0,1.0,0.0,0.0,0.0,0.0,1.0,0.0,0.0,6,unknown,G185
