model,n,resistant,nonresistant,prevalence,threshold,auroc,average_precision,brier,log_loss,sensitivity,specificity,balanced_accuracy,ppv,npv,accuracy,false_negative_fraction_R,tn,fp,fn,tp,phase,mean_fold_log_loss,worst_fold_log_loss
prevalence,264,71,193,0.2689393939393939,0.5,0.2959935780486025,0.21860615073688303,0.21669035942048198,0.6333532413378525,0.0,1.0,0.5,,0.7310606060606061,0.7310606060606061,1.0,193,0,71,0,leave_one_development_source_out,0.715932024850022,1.393438688350609
species_only,264,71,193,0.2689393939393939,0.5,0.2959935780486025,0.21772700119330413,0.21667408942168698,0.633310885878124,0.0,1.0,0.5,,0.7310606060606061,0.7310606060606061,1.0,193,0,71,0,leave_one_development_source_out,0.7159062168150383,1.3934340628830901
missingness_only,264,71,193,0.2689393939393939,0.5,0.19754798219368022,0.19711837531599857,0.4164411874687894,1.5848455708217792,0.0,0.7461139896373057,0.37305699481865284,0.0,0.6697674418604651,0.5454545454545454,1.0,144,49,71,0,leave_one_development_source_out,2.0797028737492074,6.412840383638501
logistic_C0.1,264,71,193,0.2689393939393939,0.5,0.8389768663796249,0.7593151030155944,0.12882833663251753,0.41775052249859446,0.5492957746478874,0.9481865284974094,0.7487411515726483,0.7959183673469388,0.8511627906976744,0.8409090909090909,0.4507042253521127,183,10,32,39,leave_one_development_source_out,0.5531186149269677,1.6733710218430307
logistic_C1.0,264,71,193,0.2689393939393939,0.5,0.7506750346639423,0.6632831382460249,0.18174383194206473,0.6684213107290662,0.49295774647887325,0.8756476683937824,0.6843027074363278,0.5932203389830508,0.824390243902439,0.7727272727272727,0.5070422535211268,169,24,36,35,leave_one_development_source_out,0.9311941992141998,3.007514275921653
forest_depth4,264,71,193,0.2689393939393939,0.5,0.8621834634751514,0.773143849838418,0.11913490551672812,0.3870501300743584,0.5352112676056338,0.9430051813471503,0.739108224476392,0.7755102040816326,0.8465116279069768,0.8333333333333334,0.4647887323943662,182,11,33,38,leave_one_development_source_out,0.44681187806403894,1.1067484078760672
forest_depth8,264,71,193,0.2689393939393939,0.5,0.8626213237977085,0.7712197706845839,0.11947452989151637,0.38721060807553426,0.5492957746478874,0.9430051813471503,0.7461504779975188,0.78,0.8504672897196262,0.8371212121212122,0.4507042253521127,182,11,32,39,leave_one_development_source_out,0.450065195511642,1.2103166365519675
boost_leaves7,264,71,193,0.2689393939393939,0.5,0.8679486243888199,0.7777965494813192,0.13109022867946107,0.4679325693191063,0.5633802816901409,0.917098445595855,0.7402393636429979,0.7142857142857143,0.8509615384615384,0.821969696969697,0.43661971830985913,177,16,31,40,leave_one_development_source_out,0.5645176847283938,2.8852893676424154
boost_leaves15,264,71,193,0.2689393939393939,0.5,0.8653579508136904,0.7751272043115967,0.1319105388622303,0.47113371446393715,0.5774647887323944,0.9222797927461139,0.7498722907392541,0.7321428571428571,0.8557692307692307,0.8295454545454546,0.4225352112676056,178,15,30,41,leave_one_development_source_out,0.5820023207538457,3.1278440759972517
xgboost_depth2,264,71,193,0.2689393939393939,0.5,0.8728015762971613,0.7621260068054311,0.1161364935173209,0.38288009248992255,0.5211267605633803,0.9740932642487047,0.7476100124060425,0.8809523809523809,0.8468468468468469,0.8522727272727273,0.4788732394366197,188,5,34,37,leave_one_development_source_out,0.5506498874897325,2.6969823566151003
xgboost_depth4,264,71,193,0.2689393939393939,0.5,0.8737502736627015,0.7706129138802832,0.11736425464781236,0.3836424958825771,0.5211267605633803,0.9740932642487047,0.7476100124060425,0.8809523809523809,0.8468468468468469,0.8522727272727273,0.4788732394366197,188,5,34,37,leave_one_development_source_out,0.5111592479985612,2.3012000062600957
