drug,mean_log_loss_increase,repeat_sd,meaning
ertapenem,0.7859831943828519,0.022382196253347995,"predictive reliance, not causal mechanism"
ceftazidime,1.0276703595735181e-05,5.375733075432229e-06,"predictive reliance, not causal mechanism"
imipenem,0.0,0.0,"predictive reliance, not causal mechanism"
doripenem,0.0,0.0,"predictive reliance, not causal mechanism"
cefotaxime,0.0,0.0,"predictive reliance, not causal mechanism"
ceftriaxone,0.0,0.0,"predictive reliance, not causal mechanism"
aztreonam,0.0,0.0,"predictive reliance, not causal mechanism"
levofloxacin,0.0,0.0,"predictive reliance, not causal mechanism"
amikacin,0.0,0.0,"predictive reliance, not causal mechanism"
gentamicin,0.0,0.0,"predictive reliance, not causal mechanism"
tobramycin,0.0,0.0,"predictive reliance, not causal mechanism"
tigecycline,0.0,0.0,"predictive reliance, not causal mechanism"
colistin,0.0,0.0,"predictive reliance, not causal mechanism"
cefepime,-0.0005978244239178254,0.00042496718480123166,"predictive reliance, not causal mechanism"
ciprofloxacin,-0.004806038305063659,0.001761406442653908,"predictive reliance, not causal mechanism"
