isolate_id,reason,drug
SAMN02141983,unsupported_species,
SAMN02356579,source_unknown,
SAMN02356580,source_unknown,
SAMN02356584,source_unknown,
SAMN02356585,source_unknown,
SAMN02356586,source_unknown,
SAMN02356587,source_unknown,
SAMN02356591,source_unknown,
SAMN02356592,source_unknown,
SAMN02356593,source_unknown,
SAMN02356594,source_unknown,
SAMN02356597,source_unknown,
SAMN02356599,source_unknown,
SAMN02356600,source_unknown,
SAMN02356601,source_unknown,
SAMN02356602,source_unknown,
SAMN02356605,source_unknown,
SAMN02356606,source_unknown,
SAMN02356613,source_unknown,
SAMN02356614,source_unknown,
SAMN02356617,source_unknown,
SAMN02356618,source_unknown,
SAMN02356621,source_unknown,
SAMN02356622,source_unknown,
SAMN02356623,source_unknown,
SAMN02356624,source_unknown,
SAMN02581240,unsupported_species,
SAMN02581242,unsupported_species,
SAMN02581243,unsupported_species,
SAMN02581244,unsupported_species,
SAMN02581245,unsupported_species,
SAMN02581246,unsupported_species,
SAMN02581247,unsupported_species,
SAMN02581248,unsupported_species,
SAMN02581252,unsupported_species,
SAMN02581261,unsupported_species,
SAMN02581262,unsupported_species,
SAMN02581265,unsupported_species,
SAMN02581266,unsupported_species,
SAMN02581267,unsupported_species,
SAMN02581268,unsupported_species,
SAMN02581269,unsupported_species,
SAMN02581270,unsupported_species,
SAMN02581273,unsupported_species,
SAMN02581274,unsupported_species,
SAMN02581275,unsupported_species,
SAMN02581276,unsupported_species,
SAMN02581281,unsupported_species,
SAMN02581289,unsupported_species,
SAMN02581290,unsupported_species,
SAMN02581383,unsupported_species,
SAMN02581384,unsupported_species,
SAMN02581391,unsupported_species,
SAMN02581392,unsupported_species,
SAMN02581395,unsupported_species,
SAMN02581396,unsupported_species,
SAMN02581397,unsupported_species,
SAMN02581398,unsupported_species,
SAMN03892119,conflicting_replicates,amikacin
SAMN03892119,conflicting_replicates,amoxicillin-clavulanic acid
SAMN03892119,conflicting_replicates,ampicillin
SAMN03892119,conflicting_replicates,cefepime
SAMN03892119,conflicting_replicates,ceftazidime
SAMN03892119,conflicting_replicates,ceftriaxone
SAMN03892119,conflicting_replicates,ciprofloxacin
SAMN03892119,conflicting_replicates,ertapenem
SAMN03892119,conflicting_replicates,gentamicin
SAMN03892119,conflicting_replicates,levofloxacin
SAMN03892119,conflicting_replicates,meropenem
SAMN03892119,conflicting_replicates,tetracycline
SAMN03892119,conflicting_replicates,tobramycin
SAMN03892119,conflicting_replicates,trimethoprim-sulfamethoxazole
SAMN03892119,target_missing_or_conflicting,
SAMN03892120,target_method_unsupported,
SAMN03892126,conflicting_replicates,amikacin
SAMN03892126,conflicting_replicates,amoxicillin-clavulanic acid
SAMN03892126,conflicting_replicates,ampicillin
SAMN03892126,conflicting_replicates,cefepime
SAMN03892126,conflicting_replicates,ceftazidime
SAMN03892126,conflicting_replicates,ceftriaxone
SAMN03892126,conflicting_replicates,ciprofloxacin
SAMN03892126,conflicting_replicates,ertapenem
SAMN03892126,conflicting_replicates,gentamicin
SAMN03892126,conflicting_replicates,levofloxacin
SAMN03892126,conflicting_replicates,meropenem
SAMN03892126,conflicting_replicates,tetracycline
SAMN03892126,conflicting_replicates,tobramycin
SAMN03892126,conflicting_replicates,trimethoprim-sulfamethoxazole
SAMN03892126,target_missing_or_conflicting,
SAMN04096276,target_unresolved_or_I_excluded,
SAMN04096282,conflicting_replicates,amikacin
SAMN04096282,conflicting_replicates,amoxicillin-clavulanic acid
SAMN04096282,conflicting_replicates,ampicillin
SAMN04096282,conflicting_replicates,cefepime
SAMN04096282,conflicting_replicates,ceftazidime
SAMN04096282,conflicting_replicates,ceftriaxone
SAMN04096282,conflicting_replicates,ciprofloxacin
SAMN04096282,conflicting_replicates,ertapenem
SAMN04096282,conflicting_replicates,gentamicin
SAMN04096282,conflicting_replicates,levofloxacin
SAMN04096282,conflicting_replicates,meropenem
SAMN04096282,conflicting_replicates,tetracycline
SAMN04096282,conflicting_replicates,tobramycin
SAMN04096282,conflicting_replicates,trimethoprim-sulfamethoxazole
SAMN04096282,target_missing_or_conflicting,
SAMN04393399,target_method_unsupported,
SAMN04448222,target_unresolved_or_I_excluded,
SAMN04448223,target_unresolved_or_I_excluded,
SAMN04448224,unsupported_species,
SAMN04448245,target_unresolved_or_I_excluded,
SAMN04456592,target_method_unsupported,
SAMN04514119,target_missing_or_conflicting,
SAMN04681058,source_unknown,
SAMN05170138,target_unresolved_or_I_excluded,
SAMN05170170,target_unresolved_or_I_excluded,
SAMN05170186,target_unresolved_or_I_excluded,
SAMN05170199,target_unresolved_or_I_excluded,
SAMN05170244,target_unresolved_or_I_excluded,
SAMN05170304,target_unresolved_or_I_excluded,
SAMN05170343,target_unresolved_or_I_excluded,
SAMN05774081,target_unresolved_or_I_excluded,
SAMN06112195,source_unknown,
SAMN06112198,source_unknown,
SAMN06112219,source_unknown,
SAMN06112221,source_unknown,
SAMN06112223,source_unknown,
SAMN06112225,source_unknown,
SAMN06112227,source_unknown,
SAMN06350007,unsupported_species,
SAMN06350008,unsupported_species,
SAMN06350009,unsupported_species,
SAMN06350010,unsupported_species,
SAMN06350011,unsupported_species,
SAMN06350012,unsupported_species,
SAMN06437154,target_missing_or_conflicting,
SAMN06437179,target_missing_or_conflicting,
SAMN06437182,target_missing_or_conflicting,
SAMN06437183,target_missing_or_conflicting,
SAMN06437185,target_missing_or_conflicting,
SAMN06437187,target_missing_or_conflicting,
SAMN06437189,target_missing_or_conflicting,
SAMN06437191,target_missing_or_conflicting,
SAMN06437198,target_missing_or_conflicting,
SAMN06437200,target_missing_or_conflicting,
SAMN06437219,target_missing_or_conflicting,
SAMN06437228,target_missing_or_conflicting,
SAMN06437235,target_missing_or_conflicting,
SAMN06437238,target_missing_or_conflicting,
SAMN06437241,target_missing_or_conflicting,
SAMN06437261,target_missing_or_conflicting,
SAMN06437263,target_missing_or_conflicting,
SAMN06437266,target_missing_or_conflicting,
SAMN06437269,target_missing_or_conflicting,
SAMN06437276,target_missing_or_conflicting,
SAMN06437301,target_missing_or_conflicting,
SAMN06437315,target_missing_or_conflicting,
SAMN06437333,target_missing_or_conflicting,
SAMN06437337,target_missing_or_conflicting,
SAMN06437338,target_missing_or_conflicting,
SAMN06437340,target_missing_or_conflicting,
SAMN06437381,target_missing_or_conflicting,
SAMN06437384,target_missing_or_conflicting,
SAMN06437393,target_missing_or_conflicting,
SAMN06437396,target_missing_or_conflicting,
SAMN06437410,target_missing_or_conflicting,
SAMN06437411,target_missing_or_conflicting,
SAMN06437412,target_missing_or_conflicting,
SAMN06437422,target_missing_or_conflicting,
SAMN06437432,target_missing_or_conflicting,
SAMN06437439,target_missing_or_conflicting,
SAMN06437446,target_missing_or_conflicting,
SAMN06437453,target_missing_or_conflicting,
SAMN06437458,target_missing_or_conflicting,
SAMN06437481,target_missing_or_conflicting,
SAMN06437490,target_missing_or_conflicting,
SAMN06437503,target_missing_or_conflicting,
SAMN06437523,target_missing_or_conflicting,
SAMN06437526,target_missing_or_conflicting,
SAMN06437543,target_missing_or_conflicting,
SAMN06437555,target_missing_or_conflicting,
SAMN06437589,target_missing_or_conflicting,
SAMN06437593,target_missing_or_conflicting,
SAMN06437597,target_missing_or_conflicting,
SAMN06437629,target_missing_or_conflicting,
SAMN06437643,target_missing_or_conflicting,
SAMN06437659,target_missing_or_conflicting,
SAMN06437686,target_missing_or_conflicting,
SAMN06437701,target_missing_or_conflicting,
SAMN06437749,target_missing_or_conflicting,
SAMN06437751,target_missing_or_conflicting,
SAMN06437761,target_missing_or_conflicting,
SAMN06437764,target_missing_or_conflicting,
SAMN06437777,target_missing_or_conflicting,
SAMN06437778,target_missing_or_conflicting,
SAMN06437785,target_missing_or_conflicting,
SAMN06437813,target_missing_or_conflicting,
SAMN06437819,target_missing_or_conflicting,
SAMN06437827,target_missing_or_conflicting,
SAMN06437897,target_missing_or_conflicting,
SAMN06437898,target_missing_or_conflicting,
SAMN06437904,target_missing_or_conflicting,
SAMN06437905,target_missing_or_conflicting,
SAMN06437907,target_missing_or_conflicting,
SAMN06437920,target_missing_or_conflicting,
SAMN06437923,target_missing_or_conflicting,
SAMN06437925,target_missing_or_conflicting,
SAMN06437928,target_missing_or_conflicting,
SAMN06437976,target_missing_or_conflicting,
SAMN06437999,target_missing_or_conflicting,
SAMN06438004,target_missing_or_conflicting,
SAMN06438069,target_missing_or_conflicting,
SAMN06438252,target_missing_or_conflicting,
SAMN06438264,target_missing_or_conflicting,
SAMN06438283,target_missing_or_conflicting,
SAMN06438293,target_missing_or_conflicting,
SAMN06438299,target_missing_or_conflicting,
SAMN06438302,target_missing_or_conflicting,
SAMN06438304,target_missing_or_conflicting,
SAMN06438323,target_missing_or_conflicting,
SAMN06438332,target_missing_or_conflicting,
SAMN06438351,target_missing_or_conflicting,
SAMN06438384,target_missing_or_conflicting,
SAMN06438396,target_missing_or_conflicting,
SAMN06438420,target_missing_or_conflicting,
SAMN06438439,target_missing_or_conflicting,
SAMN06438451,target_missing_or_conflicting,
SAMN06438462,target_missing_or_conflicting,
SAMN06438487,target_missing_or_conflicting,
SAMN06438497,target_missing_or_conflicting,
SAMN06438499,target_missing_or_conflicting,
SAMN06438502,target_missing_or_conflicting,
SAMN06438510,target_missing_or_conflicting,
SAMN06438534,target_missing_or_conflicting,
SAMN06438538,target_missing_or_conflicting,
SAMN06438541,target_missing_or_conflicting,
SAMN06438542,target_missing_or_conflicting,
SAMN06438549,target_missing_or_conflicting,
SAMN06438551,target_missing_or_conflicting,
SAMN06438552,target_missing_or_conflicting,
SAMN06438569,target_missing_or_conflicting,
SAMN06438570,target_missing_or_conflicting,
SAMN06438578,target_missing_or_conflicting,
SAMN06438580,target_missing_or_conflicting,
SAMN06438581,target_missing_or_conflicting,
SAMN06438590,target_missing_or_conflicting,
SAMN06438591,target_missing_or_conflicting,
SAMN06438593,target_missing_or_conflicting,
SAMN06438610,target_missing_or_conflicting,
SAMN06438652,target_missing_or_conflicting,
SAMN06438668,target_missing_or_conflicting,
SAMN06438670,target_missing_or_conflicting,
SAMN06438675,target_missing_or_conflicting,
SAMN06438683,target_missing_or_conflicting,
SAMN06438689,target_missing_or_conflicting,
SAMN06438694,target_missing_or_conflicting,
SAMN06438705,target_missing_or_conflicting,
SAMN06438706,target_missing_or_conflicting,
SAMN06438712,target_missing_or_conflicting,
SAMN06438746,target_missing_or_conflicting,
SAMN06438774,target_missing_or_conflicting,
SAMN06438775,target_missing_or_conflicting,
SAMN06438779,target_missing_or_conflicting,
SAMN06438794,target_missing_or_conflicting,
SAMN06438805,target_missing_or_conflicting,
SAMN06438807,target_missing_or_conflicting,
SAMN06438814,target_missing_or_conflicting,
SAMN06438880,target_missing_or_conflicting,
SAMN06438889,target_missing_or_conflicting,
SAMN06438890,target_missing_or_conflicting,
SAMN06438899,target_missing_or_conflicting,
SAMN06438907,target_missing_or_conflicting,
SAMN06438956,target_missing_or_conflicting,
SAMN06438985,target_missing_or_conflicting,
SAMN06438994,target_missing_or_conflicting,
SAMN06439007,target_missing_or_conflicting,
SAMN07203007,unsupported_species,
SAMN07203013,target_missing_or_conflicting,
SAMN07203029,unsupported_species,
SAMN07203030,unsupported_species,
SAMN07203032,unsupported_species,
SAMN07265011,source_unknown,
SAMN07325908,target_unresolved_or_I_excluded,
SAMN07450551,unsupported_species,
SAMN07450552,unsupported_species,
SAMN07450553,unsupported_species,
SAMN07450554,unsupported_species,
SAMN07450555,unsupported_species,
SAMN07450556,unsupported_species,
SAMN07450557,unsupported_species,
SAMN07450558,unsupported_species,
SAMN07450559,unsupported_species,
SAMN07450560,unsupported_species,
SAMN07450561,unsupported_species,
SAMN07450562,unsupported_species,
SAMN07450563,unsupported_species,
SAMN07450564,unsupported_species,
SAMN07450565,unsupported_species,
SAMN07450566,unsupported_species,
SAMN07450567,unsupported_species,
SAMN07450572,unsupported_species,
SAMN07450573,unsupported_species,
SAMN07450574,unsupported_species,
SAMN07450575,unsupported_species,
SAMN07450576,unsupported_species,
SAMN07450577,unsupported_species,
SAMN07450581,unsupported_species,
SAMN07450583,unsupported_species,
SAMN07450584,unsupported_species,
SAMN07450586,unsupported_species,
SAMN07450587,unsupported_species,
SAMN07450588,unsupported_species,
SAMN07450589,unsupported_species,
SAMN07450592,unsupported_species,
SAMN07450619,unsupported_species,
SAMN07450620,unsupported_species,
SAMN07450621,unsupported_species,
SAMN07450622,unsupported_species,
SAMN07450623,unsupported_species,
SAMN07450624,unsupported_species,
SAMN07450680,unsupported_species,
SAMN07450681,unsupported_species,
SAMN07450682,unsupported_species,
SAMN07450690,unsupported_species,
SAMN07450691,unsupported_species,
SAMN07450692,unsupported_species,
SAMN07450693,unsupported_species,
SAMN07450694,unsupported_species,
SAMN07450696,unsupported_species,
SAMN07450697,unsupported_species,
SAMN07450698,unsupported_species,
SAMN07450699,target_missing_or_conflicting,
SAMN07450701,unsupported_species,
SAMN07450702,unsupported_species,
SAMN07450703,unsupported_species,
SAMN07450704,unsupported_species,
SAMN07503056,target_missing_or_conflicting,
SAMN07525376,target_missing_or_conflicting,
SAMN07525377,target_missing_or_conflicting,
SAMN07525378,target_missing_or_conflicting,
SAMN07525379,target_missing_or_conflicting,
SAMN07525380,target_missing_or_conflicting,
SAMN07525383,target_missing_or_conflicting,
SAMN07525384,target_missing_or_conflicting,
SAMN07525385,target_missing_or_conflicting,
SAMN07525386,target_missing_or_conflicting,
SAMN07525387,target_missing_or_conflicting,
SAMN07525388,target_missing_or_conflicting,
SAMN07525390,target_missing_or_conflicting,
SAMN07525391,target_missing_or_conflicting,
SAMN07525392,target_missing_or_conflicting,
SAMN07525393,target_missing_or_conflicting,
SAMN07525394,target_missing_or_conflicting,
SAMN07525396,target_missing_or_conflicting,
SAMN07525397,target_missing_or_conflicting,
SAMN07525398,target_missing_or_conflicting,
SAMN07525399,target_missing_or_conflicting,
SAMN07525402,target_missing_or_conflicting,
SAMN07525403,target_missing_or_conflicting,
SAMN07525404,target_missing_or_conflicting,
SAMN07525405,target_missing_or_conflicting,
SAMN07525406,target_missing_or_conflicting,
SAMN07525408,target_missing_or_conflicting,
SAMN07525409,target_missing_or_conflicting,
SAMN07525410,target_missing_or_conflicting,
SAMN07525412,target_missing_or_conflicting,
SAMN07525413,target_missing_or_conflicting,
SAMN07525414,target_missing_or_conflicting,
SAMN07525416,target_missing_or_conflicting,
SAMN07525418,target_missing_or_conflicting,
SAMN07525419,target_missing_or_conflicting,
SAMN07525420,target_missing_or_conflicting,
SAMN07525421,target_missing_or_conflicting,
SAMN07525422,target_missing_or_conflicting,
SAMN07525423,target_missing_or_conflicting,
SAMN07525424,target_missing_or_conflicting,
SAMN07525425,target_missing_or_conflicting,
SAMN07525426,target_missing_or_conflicting,
SAMN07525427,target_missing_or_conflicting,
SAMN07525428,target_missing_or_conflicting,
SAMN07525429,target_missing_or_conflicting,
SAMN07525430,target_missing_or_conflicting,
SAMN07525432,target_missing_or_conflicting,
SAMN07525433,target_missing_or_conflicting,
SAMN07525434,target_missing_or_conflicting,
SAMN07525435,target_missing_or_conflicting,
SAMN07525436,target_missing_or_conflicting,
SAMN07525437,target_missing_or_conflicting,
SAMN07525439,target_missing_or_conflicting,
SAMN07525440,target_missing_or_conflicting,
SAMN07525441,target_missing_or_conflicting,
SAMN07525442,target_missing_or_conflicting,
SAMN07525443,target_missing_or_conflicting,
SAMN07525444,target_missing_or_conflicting,
SAMN07525445,target_missing_or_conflicting,
SAMN07525446,target_missing_or_conflicting,
SAMN07525447,target_missing_or_conflicting,
SAMN07525448,target_missing_or_conflicting,
SAMN07525449,target_missing_or_conflicting,
SAMN07525450,target_missing_or_conflicting,
SAMN07525454,target_missing_or_conflicting,
SAMN07525455,target_missing_or_conflicting,
SAMN07525456,target_missing_or_conflicting,
SAMN07525457,target_missing_or_conflicting,
SAMN07525476,target_missing_or_conflicting,
SAMN07525493,target_missing_or_conflicting,
SAMN07525495,target_missing_or_conflicting,
SAMN07525511,target_missing_or_conflicting,
SAMN07525517,target_missing_or_conflicting,
SAMN07525548,target_missing_or_conflicting,
SAMN07525549,target_missing_or_conflicting,
SAMN07602587,target_standard_mismatch,
SAMN07602916,target_standard_mismatch,
SAMN07672549,source_unknown,
SAMN10086701,target_unresolved_or_I_excluded,
SAMN11054834,target_unresolved_or_I_excluded,
SAMN12349649,human_host_not_confirmed,
SAMN12349650,human_host_not_confirmed,
SAMN12349651,human_host_not_confirmed,
SAMN12349652,human_host_not_confirmed,
SAMN12349653,human_host_not_confirmed,
SAMN12349654,human_host_not_confirmed,
SAMN12349655,human_host_not_confirmed,
SAMN12349656,human_host_not_confirmed,
SAMN12349657,human_host_not_confirmed,
SAMN12349658,human_host_not_confirmed,
SAMN12738923,insufficient_feature_panel,
SAMN12738924,insufficient_feature_panel,
SAMN12738925,target_unresolved_or_I_excluded,
SAMN12738926,insufficient_feature_panel,
SAMN12738927,insufficient_feature_panel,
SAMN12738928,insufficient_feature_panel,
SAMN14239487,source_unknown,
SAMN14239488,source_unknown,
SAMN14239489,source_unknown,
SAMN14239490,source_unknown,
SAMN14239491,source_unknown,
SAMN14239492,source_unknown,
SAMN14239493,source_unknown,
SAMN14239494,source_unknown,
SAMN14239495,source_unknown,
SAMN14239496,source_unknown,
SAMN14239497,source_unknown,
SAMN14239498,source_unknown,
SAMN14239499,source_unknown,
SAMN14239500,source_unknown,
SAMN14239501,source_unknown,
SAMN14239502,source_unknown,
SAMN18092166,target_missing_or_conflicting,
SAMN18092174,target_missing_or_conflicting,
SAMN18092175,target_missing_or_conflicting,
SAMN18092177,target_missing_or_conflicting,
SAMN18092180,target_missing_or_conflicting,
SAMN18092183,target_missing_or_conflicting,
SAMN18720491,target_missing_or_conflicting,
SAMN18720496,target_missing_or_conflicting,
SAMN18874682,target_standard_mismatch,
SAMN18874683,target_standard_mismatch,
SAMN18874684,target_standard_mismatch,
SAMN18874685,target_standard_mismatch,
SAMN18874686,target_standard_mismatch,
SAMN18874687,target_standard_mismatch,
SAMN18874688,target_standard_mismatch,
SAMN18874689,target_standard_mismatch,
SAMN18874690,target_standard_mismatch,
SAMN18874691,target_standard_mismatch,
SAMN18874692,target_standard_mismatch,
SAMN18874693,target_standard_mismatch,
SAMN18874694,target_standard_mismatch,
SAMN18874695,target_standard_mismatch,
SAMN18874696,target_standard_mismatch,
SAMN18874697,target_standard_mismatch,
SAMN18874698,target_standard_mismatch,
SAMN18874699,target_standard_mismatch,
SAMN18874700,target_standard_mismatch,
SAMN18874701,target_standard_mismatch,
SAMN18874702,target_standard_mismatch,
SAMN18874703,target_standard_mismatch,
SAMN18874704,target_standard_mismatch,
SAMN18874705,target_standard_mismatch,
SAMN18874706,target_standard_mismatch,
SAMN18874707,target_standard_mismatch,
SAMN18874708,target_standard_mismatch,
SAMN18874709,target_standard_mismatch,
SAMN18874710,target_standard_mismatch,
SAMN18874711,target_standard_mismatch,
SAMN18874712,target_standard_mismatch,
SAMN18874713,target_standard_mismatch,
SAMN18874714,target_standard_mismatch,
SAMN18874715,target_standard_mismatch,
SAMN18874716,target_standard_mismatch,
SAMN18874717,target_standard_mismatch,
SAMN18874718,target_standard_mismatch,
SAMN18874719,target_standard_mismatch,
SAMN18874720,target_standard_mismatch,
SAMN18874721,target_standard_mismatch,
SAMN18874722,target_standard_mismatch,
SAMN18874723,target_standard_mismatch,
SAMN18874724,target_standard_mismatch,
SAMN18874725,target_standard_mismatch,
SAMN18874726,target_standard_mismatch,
SAMN18874727,target_standard_mismatch,
SAMN18874728,target_standard_mismatch,
SAMN18874729,target_standard_mismatch,
SAMN18874730,target_standard_mismatch,
SAMN18874731,target_standard_mismatch,
SAMN18874732,target_standard_mismatch,
SAMN18874733,target_standard_mismatch,
SAMN18874734,target_standard_mismatch,
SAMN18874735,target_standard_mismatch,
SAMN18874736,target_standard_mismatch,
SAMN18874737,target_standard_mismatch,
SAMN18874738,target_standard_mismatch,
SAMN18874739,target_standard_mismatch,
SAMN18874740,target_standard_mismatch,
SAMN18874741,target_standard_mismatch,
SAMN18874742,target_standard_mismatch,
SAMN18874743,target_standard_mismatch,
SAMN18874744,target_standard_mismatch,
SAMN18874745,target_standard_mismatch,
SAMN18874746,target_standard_mismatch,
SAMN18874747,target_standard_mismatch,
SAMN18874748,target_standard_mismatch,
SAMN18874749,target_standard_mismatch,
SAMN18874750,target_standard_mismatch,
SAMN18874751,target_standard_mismatch,
SAMN18874752,target_standard_mismatch,
SAMN18874753,target_standard_mismatch,
SAMN18874754,target_standard_mismatch,
SAMN18874755,target_standard_mismatch,
SAMN18874756,target_standard_mismatch,
SAMN18874757,target_standard_mismatch,
SAMN18874758,target_standard_mismatch,
SAMN18874759,target_standard_mismatch,
SAMN18874760,target_standard_mismatch,
SAMN18874761,target_standard_mismatch,
SAMN18874762,target_standard_mismatch,
SAMN18874763,target_standard_mismatch,
SAMN18874764,target_standard_mismatch,
SAMN18874765,target_standard_mismatch,
SAMN18874766,target_standard_mismatch,
SAMN18874767,target_standard_mismatch,
SAMN18874768,target_standard_mismatch,
SAMN18874769,target_standard_mismatch,
SAMN18874770,target_standard_mismatch,
SAMN18874771,target_standard_mismatch,
SAMN18874772,target_standard_mismatch,
SAMN18874773,target_standard_mismatch,
SAMN18874774,target_standard_mismatch,
SAMN18874775,target_standard_mismatch,
SAMN18874776,target_standard_mismatch,
SAMN18874777,target_standard_mismatch,
SAMN18874778,target_standard_mismatch,
SAMN18874779,target_standard_mismatch,
SAMN18874780,target_standard_mismatch,
SAMN18874781,target_standard_mismatch,
SAMN18920621,unsupported_species,
SAMN20033464,target_missing_or_conflicting,
SAMN20033474,target_missing_or_conflicting,
SAMN20033476,target_missing_or_conflicting,
SAMN20033486,target_missing_or_conflicting,
SAMN20033488,target_missing_or_conflicting,
SAMN20033495,target_missing_or_conflicting,
SAMN20033496,target_missing_or_conflicting,
SAMN20033497,target_missing_or_conflicting,
SAMN20033502,target_missing_or_conflicting,
SAMN20033508,target_missing_or_conflicting,
SAMN20033529,target_missing_or_conflicting,
SAMN20033551,target_missing_or_conflicting,
SAMN20033552,target_missing_or_conflicting,
SAMN20033564,target_missing_or_conflicting,
SAMN20033573,target_missing_or_conflicting,
SAMN20033608,target_missing_or_conflicting,
SAMN20033610,target_missing_or_conflicting,
SAMN20033613,target_missing_or_conflicting,
SAMN20033618,target_missing_or_conflicting,
SAMN20033619,target_missing_or_conflicting,
SAMN20982458,target_method_unsupported,
SAMN20982459,target_method_unsupported,
SAMN20982460,target_method_unsupported,
SAMN22169093,insufficient_feature_panel,
SAMN22169094,insufficient_feature_panel,
SAMN26232717,conflicting_replicates,ampicillin
SAMN26232717,conflicting_replicates,ciprofloxacin
SAMN26232717,conflicting_replicates,gentamicin
SAMN26232717,conflicting_replicates,tetracycline
SAMN26232717,conflicting_replicates,trimethoprim-sulfamethoxazole
SAMN26232717,target_missing_or_conflicting,
SAMN26368916,target_missing_or_conflicting,
SAMN26368917,target_missing_or_conflicting,
SAMN26368922,target_missing_or_conflicting,
SAMN26368923,target_missing_or_conflicting,
SAMN26368924,target_missing_or_conflicting,
SAMN26368925,target_missing_or_conflicting,
SAMN26368926,target_missing_or_conflicting,
SAMN26368927,target_missing_or_conflicting,
SAMN26368928,target_missing_or_conflicting,
SAMN26368930,target_missing_or_conflicting,
SAMN26368932,target_missing_or_conflicting,
SAMN26368933,target_missing_or_conflicting,
SAMN26368934,target_missing_or_conflicting,
SAMN26368935,target_missing_or_conflicting,
SAMN26368937,target_missing_or_conflicting,
SAMN26368938,target_missing_or_conflicting,
SAMN26368939,target_missing_or_conflicting,
SAMN26368940,target_missing_or_conflicting,
SAMN26368942,target_missing_or_conflicting,
SAMN26368944,target_missing_or_conflicting,
SAMN26368946,target_missing_or_conflicting,
SAMN26368949,target_missing_or_conflicting,
SAMN26368950,target_missing_or_conflicting,
SAMN26368951,target_missing_or_conflicting,
SAMN26368952,target_missing_or_conflicting,
SAMN26368953,target_missing_or_conflicting,
SAMN26368955,target_missing_or_conflicting,
SAMN26368956,target_missing_or_conflicting,
SAMN26368960,target_missing_or_conflicting,
SAMN26368961,target_missing_or_conflicting,
SAMN26368964,target_missing_or_conflicting,
SAMN26368965,target_missing_or_conflicting,
SAMN26368968,target_missing_or_conflicting,
SAMN26368969,target_missing_or_conflicting,
SAMN26368970,target_missing_or_conflicting,
SAMN26368971,target_missing_or_conflicting,
SAMN26368972,target_missing_or_conflicting,
SAMN26368973,target_missing_or_conflicting,
SAMN26368974,target_missing_or_conflicting,
SAMN26368975,target_missing_or_conflicting,
SAMN26368977,target_missing_or_conflicting,
SAMN26368980,target_missing_or_conflicting,
SAMN26368981,target_missing_or_conflicting,
SAMN26368984,target_missing_or_conflicting,
SAMN26368986,target_missing_or_conflicting,
SAMN26368987,target_missing_or_conflicting,
SAMN26368988,target_missing_or_conflicting,
SAMN26368989,target_missing_or_conflicting,
SAMN26368993,target_missing_or_conflicting,
SAMN26368995,target_missing_or_conflicting,
SAMN26369001,target_missing_or_conflicting,
SAMN26369002,target_missing_or_conflicting,
SAMN26369003,target_missing_or_conflicting,
SAMN26369004,target_missing_or_conflicting,
SAMN26369005,target_missing_or_conflicting,
SAMN26369006,target_missing_or_conflicting,
SAMN26369008,target_missing_or_conflicting,
SAMN26369010,target_missing_or_conflicting,
SAMN26369012,target_missing_or_conflicting,
SAMN26369014,target_missing_or_conflicting,
SAMN26369016,target_missing_or_conflicting,
SAMN26369017,target_missing_or_conflicting,
SAMN26369018,target_missing_or_conflicting,
SAMN26369022,target_missing_or_conflicting,
SAMN26369023,target_missing_or_conflicting,
SAMN26369024,target_missing_or_conflicting,
SAMN26369025,target_missing_or_conflicting,
SAMN26369026,target_missing_or_conflicting,
SAMN26369027,target_missing_or_conflicting,
SAMN26369029,target_missing_or_conflicting,
SAMN26369033,target_missing_or_conflicting,
SAMN26369035,target_missing_or_conflicting,
SAMN26369036,target_missing_or_conflicting,
SAMN26369037,target_missing_or_conflicting,
SAMN26369039,target_missing_or_conflicting,
SAMN26369040,target_missing_or_conflicting,
SAMN26369041,target_missing_or_conflicting,
SAMN26369042,target_missing_or_conflicting,
SAMN26369044,target_missing_or_conflicting,
SAMN26369046,target_missing_or_conflicting,
SAMN26369051,target_missing_or_conflicting,
SAMN26369052,target_missing_or_conflicting,
SAMN26369057,target_missing_or_conflicting,
SAMN26369059,target_missing_or_conflicting,
SAMN26369060,target_missing_or_conflicting,
SAMN26369061,target_missing_or_conflicting,
SAMN26369062,target_missing_or_conflicting,
SAMN26369063,target_missing_or_conflicting,
SAMN26369064,target_missing_or_conflicting,
SAMN26369065,target_missing_or_conflicting,
SAMN26369066,target_missing_or_conflicting,
SAMN26369069,target_missing_or_conflicting,
SAMN26369071,target_missing_or_conflicting,
SAMN26369077,target_missing_or_conflicting,
SAMN26369078,target_missing_or_conflicting,
SAMN26369079,target_missing_or_conflicting,
SAMN26369080,target_missing_or_conflicting,
SAMN26369082,target_missing_or_conflicting,
SAMN26369084,target_missing_or_conflicting,
SAMN26369089,target_missing_or_conflicting,
SAMN26369090,target_missing_or_conflicting,
SAMN26369091,target_missing_or_conflicting,
SAMN26369092,target_missing_or_conflicting,
SAMN26369097,target_missing_or_conflicting,
SAMN26369098,target_missing_or_conflicting,
SAMN26369099,target_missing_or_conflicting,
SAMN26369101,target_missing_or_conflicting,
SAMN26369103,target_missing_or_conflicting,
SAMN26369104,target_missing_or_conflicting,
SAMN26369106,target_missing_or_conflicting,
SAMN26369107,target_missing_or_conflicting,
SAMN26369108,target_missing_or_conflicting,
SAMN26369109,target_missing_or_conflicting,
SAMN26369110,target_missing_or_conflicting,
SAMN26369111,target_missing_or_conflicting,
SAMN26369112,target_missing_or_conflicting,
SAMN26369115,target_missing_or_conflicting,
SAMN26369116,target_missing_or_conflicting,
SAMN26369118,target_missing_or_conflicting,
SAMN26369120,target_missing_or_conflicting,
SAMN26369122,target_missing_or_conflicting,
SAMN26369125,target_missing_or_conflicting,
SAMN26369126,target_missing_or_conflicting,
SAMN26369127,target_missing_or_conflicting,
SAMN26369130,target_missing_or_conflicting,
SAMN26369131,target_missing_or_conflicting,
SAMN26369133,target_missing_or_conflicting,
SAMN26369134,target_missing_or_conflicting,
SAMN26369135,target_missing_or_conflicting,
SAMN26369136,target_missing_or_conflicting,
SAMN26369137,target_missing_or_conflicting,
SAMN26369138,target_missing_or_conflicting,
SAMN26369139,target_missing_or_conflicting,
SAMN26369140,target_missing_or_conflicting,
SAMN26369141,target_missing_or_conflicting,
SAMN26369144,target_missing_or_conflicting,
SAMN26369145,target_missing_or_conflicting,
SAMN26369146,target_missing_or_conflicting,
SAMN26369147,target_missing_or_conflicting,
SAMN26369148,target_missing_or_conflicting,
SAMN26369152,target_missing_or_conflicting,
SAMN26369155,target_missing_or_conflicting,
SAMN26369156,target_missing_or_conflicting,
SAMN26369158,target_missing_or_conflicting,
SAMN26369159,target_missing_or_conflicting,
SAMN26369160,target_missing_or_conflicting,
SAMN26369162,target_missing_or_conflicting,
SAMN26369166,target_missing_or_conflicting,
SAMN26369168,target_missing_or_conflicting,
SAMN26369169,target_missing_or_conflicting,
SAMN26369170,target_missing_or_conflicting,
SAMN26369171,target_missing_or_conflicting,
SAMN26369173,target_missing_or_conflicting,
SAMN26369174,target_missing_or_conflicting,
SAMN26369175,target_missing_or_conflicting,
SAMN26369176,target_missing_or_conflicting,
SAMN26369177,target_missing_or_conflicting,
SAMN26369178,target_missing_or_conflicting,
SAMN26369180,target_missing_or_conflicting,
SAMN26369181,target_missing_or_conflicting,
SAMN26369182,target_missing_or_conflicting,
SAMN26369184,target_missing_or_conflicting,
SAMN26369185,target_missing_or_conflicting,
SAMN26369187,target_missing_or_conflicting,
SAMN26369188,target_missing_or_conflicting,
SAMN26369190,target_missing_or_conflicting,
SAMN26369192,target_missing_or_conflicting,
SAMN26369193,target_missing_or_conflicting,
SAMN26369194,target_missing_or_conflicting,
SAMN26369197,target_missing_or_conflicting,
SAMN26369199,target_missing_or_conflicting,
SAMN26369203,target_missing_or_conflicting,
SAMN26369204,target_missing_or_conflicting,
SAMN26369205,target_missing_or_conflicting,
SAMN26369206,target_missing_or_conflicting,
SAMN26369207,target_missing_or_conflicting,
SAMN26369208,target_missing_or_conflicting,
SAMN26369210,target_missing_or_conflicting,
SAMN26369211,target_missing_or_conflicting,
SAMN26369212,target_missing_or_conflicting,
SAMN26369214,target_missing_or_conflicting,
SAMN26369215,target_missing_or_conflicting,
SAMN26369216,target_missing_or_conflicting,
SAMN26369217,target_missing_or_conflicting,
SAMN26369218,target_missing_or_conflicting,
SAMN26369221,target_missing_or_conflicting,
SAMN26369225,target_missing_or_conflicting,
SAMN26369228,target_missing_or_conflicting,
SAMN26369229,target_missing_or_conflicting,
SAMN26369233,target_missing_or_conflicting,
SAMN26369234,target_missing_or_conflicting,
SAMN26369240,target_missing_or_conflicting,
SAMN26369241,target_missing_or_conflicting,
SAMN26369243,target_missing_or_conflicting,
SAMN26369244,target_missing_or_conflicting,
SAMN26369247,target_missing_or_conflicting,
SAMN26369248,target_missing_or_conflicting,
SAMN26369250,target_missing_or_conflicting,
SAMN26369253,target_missing_or_conflicting,
SAMN26369254,target_missing_or_conflicting,
SAMN26369257,target_missing_or_conflicting,
SAMN26369260,target_missing_or_conflicting,
SAMN26369261,target_missing_or_conflicting,
SAMN26369264,target_missing_or_conflicting,
SAMN26369265,target_missing_or_conflicting,
SAMN26369266,target_missing_or_conflicting,
SAMN26976174,target_missing_or_conflicting,
SAMN26976178,target_missing_or_conflicting,
SAMN26976184,target_missing_or_conflicting,
SAMN26976198,target_missing_or_conflicting,
SAMN26976212,target_missing_or_conflicting,
SAMN26976220,target_missing_or_conflicting,
SAMN26976222,target_missing_or_conflicting,
SAMN26976235,target_missing_or_conflicting,
SAMN26976236,target_missing_or_conflicting,
SAMN26976240,target_missing_or_conflicting,
SAMN26976248,target_missing_or_conflicting,
SAMN26976250,target_missing_or_conflicting,
SAMN26976260,target_missing_or_conflicting,
SAMN26976261,target_missing_or_conflicting,
SAMN26976267,target_missing_or_conflicting,
SAMN26976285,target_missing_or_conflicting,
SAMN26976288,target_missing_or_conflicting,
SAMN26976289,target_missing_or_conflicting,
SAMN26976294,target_missing_or_conflicting,
SAMN26976308,target_missing_or_conflicting,
SAMN26976313,target_missing_or_conflicting,
SAMN26976320,target_missing_or_conflicting,
SAMN26976332,target_missing_or_conflicting,
SAMN26976337,target_missing_or_conflicting,
SAMN26976344,target_missing_or_conflicting,
SAMN26976346,target_missing_or_conflicting,
SAMN26976350,target_missing_or_conflicting,
SAMN26976351,target_missing_or_conflicting,
SAMN26976357,target_missing_or_conflicting,
SAMN26976363,target_missing_or_conflicting,
SAMN26976370,target_missing_or_conflicting,
SAMN26976374,target_missing_or_conflicting,
SAMN26976378,target_missing_or_conflicting,
SAMN26976379,target_missing_or_conflicting,
SAMN26976380,target_missing_or_conflicting,
SAMN26976417,target_missing_or_conflicting,
SAMN26976421,target_missing_or_conflicting,
SAMN26976442,target_missing_or_conflicting,
SAMN26976464,target_missing_or_conflicting,
SAMN26976478,target_missing_or_conflicting,
SAMN26976482,target_missing_or_conflicting,
SAMN26976488,target_missing_or_conflicting,
SAMN26976491,target_missing_or_conflicting,
SAMN26976493,target_missing_or_conflicting,
SAMN30333623,target_method_unsupported,
SAMN30886168,target_standard_mismatch,
SAMN30886169,target_standard_mismatch,
SAMN30926478,target_standard_mismatch,
SAMN33014190,target_standard_mismatch,
SAMN33014191,target_standard_mismatch,
SAMN33014192,target_standard_mismatch,
SAMN33014193,target_standard_mismatch,
SAMN33014194,target_standard_mismatch,
SAMN34535840,target_standard_mismatch,
SAMN35159604,target_missing_or_conflicting,
SAMN35159605,target_missing_or_conflicting,
SAMN35159606,target_missing_or_conflicting,
SAMN35159610,target_missing_or_conflicting,
SAMN35159641,target_missing_or_conflicting,
SAMN36727327,target_missing_or_conflicting,
SAMN36814233,target_missing_or_conflicting,
SAMN37733597,target_missing_or_conflicting,
SAMN38329751,target_missing_or_conflicting,
SAMN38329752,target_missing_or_conflicting,
SAMN38329753,target_missing_or_conflicting,
SAMN38329755,target_missing_or_conflicting,
SAMN38329761,target_missing_or_conflicting,
SAMN38329771,target_missing_or_conflicting,
SAMN38329772,target_missing_or_conflicting,
SAMN38329773,target_missing_or_conflicting,
SAMN38329774,target_missing_or_conflicting,
SAMN38329789,target_missing_or_conflicting,
SAMN38329795,target_missing_or_conflicting,
SAMN38329796,target_missing_or_conflicting,
SAMN38329798,target_missing_or_conflicting,
SAMN38329811,target_missing_or_conflicting,
SAMN38329821,target_missing_or_conflicting,
SAMN38329823,target_missing_or_conflicting,
SAMN38329829,target_missing_or_conflicting,
SAMN38329858,target_missing_or_conflicting,
SAMN38329884,target_missing_or_conflicting,
SAMN38329885,target_missing_or_conflicting,
SAMN38329917,target_missing_or_conflicting,
SAMN38329929,target_missing_or_conflicting,
SAMN38329934,target_missing_or_conflicting,
SAMN38329940,target_missing_or_conflicting,
SAMN38329941,target_missing_or_conflicting,
SAMN38329948,target_missing_or_conflicting,
SAMN38329949,target_missing_or_conflicting,
SAMN38329953,target_missing_or_conflicting,
SAMN38329954,target_missing_or_conflicting,
SAMN38329961,target_missing_or_conflicting,
SAMN38329969,target_missing_or_conflicting,
SAMN38329976,target_missing_or_conflicting,
SAMN38329987,target_missing_or_conflicting,
SAMN38329989,target_missing_or_conflicting,
SAMN38329990,target_missing_or_conflicting,
SAMN38329994,target_missing_or_conflicting,
SAMN38329996,target_missing_or_conflicting,
SAMN38329998,target_missing_or_conflicting,
SAMN38330109,target_missing_or_conflicting,
SAMN38330110,target_missing_or_conflicting,
SAMN38330111,target_missing_or_conflicting,
SAMN38330116,target_missing_or_conflicting,
SAMN38330126,target_missing_or_conflicting,
SAMN38330147,target_missing_or_conflicting,
SAMN40563625,target_standard_mismatch,
SAMN40930634,target_missing_or_conflicting,
SAMN40930635,target_missing_or_conflicting,
SAMN41558476,human_host_not_confirmed,
SAMN41558477,human_host_not_confirmed,
SAMN41558488,human_host_not_confirmed,
SAMN41558497,human_host_not_confirmed,
SAMN41558499,human_host_not_confirmed,
SAMN41558500,human_host_not_confirmed,
SAMN41558502,human_host_not_confirmed,
SAMN41558505,human_host_not_confirmed,
SAMN41558515,human_host_not_confirmed,
SAMN41558517,human_host_not_confirmed,
SAMN41558523,human_host_not_confirmed,
SAMN41558525,human_host_not_confirmed,
SAMN41558528,human_host_not_confirmed,
SAMN41558529,human_host_not_confirmed,
SAMN41558531,human_host_not_confirmed,
SAMN43765496,target_standard_mismatch,
SAMN43765497,target_standard_mismatch,
SAMN43765498,target_standard_mismatch,
SAMN43765499,target_standard_mismatch,
SAMN43765500,target_standard_mismatch,
SAMN43765501,target_standard_mismatch,
SAMN43765502,target_standard_mismatch,
SAMN43765503,target_standard_mismatch,
SAMN43765504,target_standard_mismatch,
SAMN43765505,target_standard_mismatch,
SAMN43765506,target_standard_mismatch,
SAMN43765507,target_standard_mismatch,
SAMN43765508,target_standard_mismatch,
SAMN43765509,target_standard_mismatch,
SAMN43765510,target_standard_mismatch,
SAMN43765511,target_standard_mismatch,
SAMN43765512,target_standard_mismatch,
SAMN43765513,target_standard_mismatch,
SAMN43765514,target_standard_mismatch,
SAMN43765515,target_standard_mismatch,
SAMN43765516,target_standard_mismatch,
SAMN43765517,target_standard_mismatch,
SAMN43765518,target_standard_mismatch,
SAMN43765519,target_standard_mismatch,
SAMN43765520,target_standard_mismatch,
SAMN43765521,target_standard_mismatch,
SAMN43765522,target_standard_mismatch,
SAMN43765523,target_standard_mismatch,
SAMN43765524,target_standard_mismatch,
SAMN43765525,target_standard_mismatch,
SAMN43765526,target_standard_mismatch,
SAMN43765527,target_standard_mismatch,
SAMN43765528,target_standard_mismatch,
SAMN43765529,target_standard_mismatch,
SAMN43765530,target_standard_mismatch,
SAMN43765531,target_standard_mismatch,
SAMN43765532,target_standard_mismatch,
SAMN43765533,target_standard_mismatch,
SAMN43765534,target_standard_mismatch,
SAMN43765535,target_standard_mismatch,
SAMN43765536,target_standard_mismatch,
SAMN43765537,target_standard_mismatch,
SAMN43765538,target_standard_mismatch,
SAMN43765539,target_standard_mismatch,
SAMN43765540,target_standard_mismatch,
SAMN43765541,target_standard_mismatch,
SAMN43765542,target_standard_mismatch,
SAMN43765543,target_standard_mismatch,
SAMN43765544,target_standard_mismatch,
SAMN43765545,target_standard_mismatch,
SAMN43765546,target_standard_mismatch,
SAMN43765547,target_standard_mismatch,
SAMN43765548,target_standard_mismatch,
SAMN43765549,target_standard_mismatch,
SAMN43765550,target_standard_mismatch,
SAMN43765551,target_standard_mismatch,
SAMN43765552,target_standard_mismatch,
SAMN43765553,target_standard_mismatch,
SAMN43765554,target_standard_mismatch,
SAMN43765555,target_standard_mismatch,
SAMN43765556,target_standard_mismatch,
SAMN43765557,target_standard_mismatch,
SAMN43765558,target_standard_mismatch,
SAMN43765559,target_standard_mismatch,
SAMN43765560,target_standard_mismatch,
SAMN43765561,target_standard_mismatch,
SAMN43765562,target_standard_mismatch,
SAMN43765563,target_standard_mismatch,
SAMN43765564,target_standard_mismatch,
SAMN43765565,target_standard_mismatch,
SAMN43765566,target_standard_mismatch,
SAMN43765567,target_standard_mismatch,
SAMN43765568,target_standard_mismatch,
SAMN43765569,target_standard_mismatch,
SAMN43765570,target_standard_mismatch,
SAMN43765571,target_standard_mismatch,
SAMN43765572,target_standard_mismatch,
SAMN43765573,target_standard_mismatch,
SAMN43765574,target_standard_mismatch,
SAMN43765575,target_standard_mismatch,
SAMN43765576,target_standard_mismatch,
SAMN43765577,target_standard_mismatch,
SAMN43765578,target_standard_mismatch,
SAMN43765579,target_standard_mismatch,
SAMN43765580,target_standard_mismatch,
SAMN43765581,target_standard_mismatch,
SAMN43765582,target_standard_mismatch,
SAMN43765583,target_standard_mismatch,
SAMN43765584,target_standard_mismatch,
SAMN43765585,target_standard_mismatch,
SAMN43765586,target_standard_mismatch,
SAMN43765587,target_standard_mismatch,
SAMN43765588,target_standard_mismatch,
SAMN43765589,target_standard_mismatch,
SAMN43765590,target_standard_mismatch,
SAMN43765591,target_standard_mismatch,
SAMN45204715,unsupported_species,
SAMN45204716,unsupported_species,
SAMN46544977,target_standard_mismatch,
SAMN46544979,target_standard_mismatch,
SAMN46544980,target_standard_mismatch,
SAMN46544982,target_standard_mismatch,
SAMN46544983,target_standard_mismatch,
SAMN46544984,target_standard_mismatch,
SAMN46544991,target_standard_mismatch,
SAMN46558231,target_standard_mismatch,
SAMN46558233,target_standard_mismatch,
SAMN46558234,target_standard_mismatch,
SAMN46558240,target_standard_mismatch,
SAMN46558884,target_standard_mismatch,
SAMN46558885,target_standard_mismatch,
SAMN46558887,target_standard_mismatch,
SAMN46558888,target_standard_mismatch,
SAMN46558889,target_standard_mismatch,
SAMN46558890,target_standard_mismatch,
SAMN46558900,target_standard_mismatch,
SAMN46558901,target_standard_mismatch,
SAMN46778009,target_standard_mismatch,
SAMN46778010,target_standard_mismatch,
SAMN46778011,target_standard_mismatch,
SAMN46841722,source_unknown,
SAMN46841723,source_unknown,
SAMN46841724,source_unknown,
SAMN46841725,source_unknown,
SAMN46841726,source_unknown,
SAMN48878019,target_missing_or_conflicting,
SAMN48878051,target_missing_or_conflicting,
SAMN48878055,target_missing_or_conflicting,
SAMN48878063,target_missing_or_conflicting,
SAMN48878080,target_missing_or_conflicting,
SAMN48878141,target_missing_or_conflicting,
SAMN48878144,target_missing_or_conflicting,
SAMN48878151,target_missing_or_conflicting,
SAMN48878152,target_missing_or_conflicting,
SAMN48878173,target_missing_or_conflicting,
SAMN48878199,target_missing_or_conflicting,
SAMN48878203,target_missing_or_conflicting,
SAMN48878211,target_missing_or_conflicting,
SAMN48878247,target_missing_or_conflicting,
SAMN48878251,target_missing_or_conflicting,
SAMN48878265,target_missing_or_conflicting,
SAMN48878290,target_missing_or_conflicting,
SAMN48878301,target_missing_or_conflicting,
SAMN48878309,target_missing_or_conflicting,
SAMN48878318,target_missing_or_conflicting,
SAMN48878319,target_missing_or_conflicting,
SAMN48878353,target_missing_or_conflicting,
SAMN48878364,target_missing_or_conflicting,
SAMN48878379,target_missing_or_conflicting,
SAMN48878380,target_missing_or_conflicting,
SAMN48878412,insufficient_feature_panel,
SAMN48878443,target_missing_or_conflicting,
SAMN48878444,target_missing_or_conflicting,
SAMN48878447,target_missing_or_conflicting,
SAMN48878461,target_missing_or_conflicting,
SAMN48878473,target_missing_or_conflicting,
SAMN48878480,target_missing_or_conflicting,
SAMN48878483,target_missing_or_conflicting,
SAMN48878500,target_missing_or_conflicting,
SAMN48878525,target_missing_or_conflicting,
SAMN48878551,target_missing_or_conflicting,
SAMN48878557,target_missing_or_conflicting,
SAMN48878572,target_missing_or_conflicting,
SAMN48878583,target_missing_or_conflicting,
SAMN48878608,target_missing_or_conflicting,
SAMN48878611,target_missing_or_conflicting,
SAMN48878622,target_missing_or_conflicting,
SAMN48878623,target_missing_or_conflicting,
SAMN48878631,target_missing_or_conflicting,
SAMN48878645,target_missing_or_conflicting,
SAMN48878703,target_missing_or_conflicting,
SAMN48878712,target_missing_or_conflicting,
SAMN48878714,target_missing_or_conflicting,
SAMN48878754,target_missing_or_conflicting,
SAMN48878790,target_missing_or_conflicting,
SAMN48878819,target_missing_or_conflicting,
SAMN48878822,target_missing_or_conflicting,
SAMN48878841,target_missing_or_conflicting,
SAMN48878860,target_missing_or_conflicting,
SAMN48878879,target_missing_or_conflicting,
SAMN48878935,target_missing_or_conflicting,
SAMN48878952,target_missing_or_conflicting,
SAMN48878956,target_missing_or_conflicting,
SAMN48878959,target_missing_or_conflicting,
SAMN48878966,target_missing_or_conflicting,
SAMN51434560,human_host_not_confirmed,
SAMN51434561,human_host_not_confirmed,
SAMN51434562,human_host_not_confirmed,
SAMN51434563,human_host_not_confirmed,
SAMN51434564,human_host_not_confirmed,
SAMN51434565,human_host_not_confirmed,
SAMN51434566,human_host_not_confirmed,
SAMN51434567,human_host_not_confirmed,
SAMN51434568,human_host_not_confirmed,
SAMN51434569,human_host_not_confirmed,
SAMN51434570,human_host_not_confirmed,
SAMN51434571,human_host_not_confirmed,
SAMN51434572,human_host_not_confirmed,
SAMN51434573,human_host_not_confirmed,
SAMN51434574,human_host_not_confirmed,
SAMN51434575,human_host_not_confirmed,
SAMN51434576,human_host_not_confirmed,
SAMN51434577,human_host_not_confirmed,
SAMN51434578,human_host_not_confirmed,
SAMN51434579,human_host_not_confirmed,
SAMN51434580,human_host_not_confirmed,
SAMN51434581,human_host_not_confirmed,
SAMN51434582,human_host_not_confirmed,
SAMN51434583,human_host_not_confirmed,
SAMN51434584,human_host_not_confirmed,
SAMN51434585,human_host_not_confirmed,
SAMN51434586,human_host_not_confirmed,
SAMN51434587,human_host_not_confirmed,
SAMN51434588,human_host_not_confirmed,
SAMN51434589,human_host_not_confirmed,
SAMN51434590,human_host_not_confirmed,
SAMN51434591,human_host_not_confirmed,
SAMN51434592,human_host_not_confirmed,
SAMN51434593,human_host_not_confirmed,
SAMN51434594,human_host_not_confirmed,
SAMN51434595,human_host_not_confirmed,
SAMN51434603,human_host_not_confirmed,
SAMN51434606,human_host_not_confirmed,
SAMN51434607,human_host_not_confirmed,
SAMN51434608,human_host_not_confirmed,
SAMN51434609,human_host_not_confirmed,
SAMN51434610,human_host_not_confirmed,
SAMN51434611,human_host_not_confirmed,
SAMN51434612,human_host_not_confirmed,
SAMN51434613,human_host_not_confirmed,
SAMN51434614,human_host_not_confirmed,
SAMN51434615,human_host_not_confirmed,
SAMN51434616,human_host_not_confirmed,
SAMN51434617,human_host_not_confirmed,
SAMN51434618,human_host_not_confirmed,
SAMN51434619,human_host_not_confirmed,
SAMN51434620,human_host_not_confirmed,
SAMN51434621,human_host_not_confirmed,
SAMN51434622,human_host_not_confirmed,
SAMN51434623,human_host_not_confirmed,
SAMN51434624,human_host_not_confirmed,
SAMN51434625,human_host_not_confirmed,
SAMN51434626,target_standard_mismatch,
SAMN51434627,target_standard_mismatch,
SAMN51434628,target_standard_mismatch,
SAMN51434629,target_standard_mismatch,
SAMN51434630,target_standard_mismatch,
SAMN51434631,target_standard_mismatch,
SAMN51434632,target_standard_mismatch,
SAMN51434633,target_standard_mismatch,
SAMN51434634,target_standard_mismatch,
SAMN51434635,target_standard_mismatch,
SAMN51434636,target_standard_mismatch,
SAMN51434637,target_standard_mismatch,
SAMN51434638,target_standard_mismatch,
SAMN51434639,target_standard_mismatch,
SAMN51434640,target_standard_mismatch,
SAMN51434641,target_standard_mismatch,
SAMN51434642,target_standard_mismatch,
SAMN51434643,target_standard_mismatch,
SAMN51434644,target_standard_mismatch,
SAMN51434645,target_standard_mismatch,
SAMN51434646,target_standard_mismatch,
SAMN51434647,target_standard_mismatch,
SAMN51434648,target_standard_mismatch,
SAMN51434649,target_standard_mismatch,
SAMN51434650,target_standard_mismatch,
SAMN51434651,target_standard_mismatch,
SAMN51434652,target_standard_mismatch,
SAMN51434653,target_standard_mismatch,
SAMN51434654,target_standard_mismatch,
SAMN51434655,target_standard_mismatch,
SAMN51434656,target_standard_mismatch,
SAMN51434657,target_standard_mismatch,
SAMN51434658,target_standard_mismatch,
SAMN51434659,target_standard_mismatch,
SAMN51434660,target_standard_mismatch,
SAMN51434661,target_standard_mismatch,
SAMN51434662,target_standard_mismatch,
SAMN51434663,target_standard_mismatch,
SAMN51434664,target_standard_mismatch,
SAMN51434665,target_standard_mismatch,
SAMN51434666,target_standard_mismatch,
SAMN51434667,target_standard_mismatch,
SAMN51434668,target_standard_mismatch,
SAMN51434669,target_standard_mismatch,
SAMN51434670,target_standard_mismatch,
SAMN51434671,target_standard_mismatch,
SAMN51434672,target_standard_mismatch,
SAMN51434673,target_standard_mismatch,
SAMN51434674,target_standard_mismatch,
SAMN51434675,target_standard_mismatch,
SAMN51434676,target_standard_mismatch,
SAMN51434677,target_standard_mismatch,
SAMN51434678,target_standard_mismatch,
SAMN51434679,target_standard_mismatch,
SAMN51434680,target_standard_mismatch,
SAMN51434681,target_standard_mismatch,
SAMN51434682,target_standard_mismatch,
SAMN51434683,target_standard_mismatch,
SAMN51434684,target_standard_mismatch,
SAMN51434685,target_standard_mismatch,
SAMN51434686,target_standard_mismatch,
SAMN51434687,target_standard_mismatch,
SAMN51434688,target_standard_mismatch,
SAMN51434689,target_standard_mismatch,
SAMN51434690,target_standard_mismatch,
SAMN51434691,target_standard_mismatch,
SAMN51434692,target_standard_mismatch,
SAMN51434693,target_standard_mismatch,
SAMN51434694,target_standard_mismatch,
SAMN51434695,target_standard_mismatch,
SAMN51434696,target_standard_mismatch,
SAMN51434697,target_standard_mismatch,
SAMN51434698,target_standard_mismatch,
SAMN51434699,target_standard_mismatch,
SAMN51434700,target_standard_mismatch,
SAMN51434701,target_standard_mismatch,
SAMN51434702,target_standard_mismatch,
SAMN51434703,target_standard_mismatch,
SAMN51434704,target_standard_mismatch,
SAMN51434705,target_standard_mismatch,
SAMN51434706,target_standard_mismatch,
SAMN51434707,target_standard_mismatch,
SAMN51434708,target_standard_mismatch,
SAMN51434709,target_standard_mismatch,
SAMN51434710,target_standard_mismatch,
SAMN51434711,target_standard_mismatch,
SAMN51434712,target_standard_mismatch,
SAMN51434713,target_standard_mismatch,
SAMN51434714,target_standard_mismatch,
SAMN51434715,target_standard_mismatch,
SAMN51434716,target_standard_mismatch,
SAMN51434717,target_standard_mismatch,
SAMN51434718,target_standard_mismatch,
SAMN51434719,target_standard_mismatch,
SAMN51434720,target_standard_mismatch,
SAMN51434721,target_standard_mismatch,
SAMN51434722,target_standard_mismatch,
SAMN51434723,target_standard_mismatch,
SAMN51434724,target_standard_mismatch,
SAMN51434725,target_standard_mismatch,
SAMN51434726,target_standard_mismatch,
SAMN51434727,target_standard_mismatch,
SAMN51434728,target_standard_mismatch,
SAMN51434729,target_standard_mismatch,
SAMN51434730,target_standard_mismatch,
SAMN51434731,target_standard_mismatch,
SAMN51434732,target_standard_mismatch,
SAMN51434733,target_standard_mismatch,
SAMN51434734,target_standard_mismatch,
SAMN51434735,target_standard_mismatch,
SAMN51434736,target_standard_mismatch,
SAMN51434737,target_standard_mismatch,
SAMN51434738,target_standard_mismatch,
SAMN51434739,target_standard_mismatch,
SAMN51434740,target_standard_mismatch,
SAMN51434741,target_standard_mismatch,
SAMN51434742,target_standard_mismatch,
SAMN51434743,target_standard_mismatch,
SAMN51434744,target_standard_mismatch,
SAMN51434745,target_standard_mismatch,
SAMN51434746,target_standard_mismatch,
SAMN51434747,target_standard_mismatch,
SAMN51434748,target_standard_mismatch,
SAMN51434749,target_standard_mismatch,
SAMN51434750,target_standard_mismatch,
SAMN51434751,target_standard_mismatch,
SAMN51434752,target_standard_mismatch,
SAMN51434753,target_standard_mismatch,
SAMN51434754,target_standard_mismatch,
SAMN51434755,target_standard_mismatch,
SAMN51434756,target_standard_mismatch,
SAMN51434757,target_standard_mismatch,
SAMN51434758,target_standard_mismatch,
SAMN51434759,target_standard_mismatch,
SAMN51434760,target_standard_mismatch,
SAMN51434761,target_standard_mismatch,
SAMN51434762,target_standard_mismatch,
SAMN51434763,target_standard_mismatch,
SAMN51434764,target_standard_mismatch,
SAMN51434765,target_standard_mismatch,
SAMN51434766,target_standard_mismatch,
SAMN51434767,target_standard_mismatch,
SAMN51434768,target_standard_mismatch,
SAMN51434769,target_standard_mismatch,
SAMN51434770,target_standard_mismatch,
SAMN51434771,target_standard_mismatch,
SAMN51434772,target_standard_mismatch,
SAMN51434773,target_standard_mismatch,
SAMN51434774,target_standard_mismatch,
SAMN51434775,target_standard_mismatch,
SAMN51434776,target_standard_mismatch,
SAMN51434777,target_standard_mismatch,
SAMN51434778,target_standard_mismatch,
SAMN51434779,target_standard_mismatch,
SAMN51434780,target_standard_mismatch,
SAMN51434781,target_standard_mismatch,
SAMN51434782,target_standard_mismatch,
SAMN51434783,target_standard_mismatch,
SAMN51434784,target_standard_mismatch,
SAMN51434785,target_standard_mismatch,
SAMN51434786,target_standard_mismatch,
SAMN51434787,target_standard_mismatch,
SAMN51434788,target_standard_mismatch,
SAMN51434789,target_standard_mismatch,
SAMN51434790,target_standard_mismatch,
SAMN51434791,target_standard_mismatch,
SAMN51434792,target_standard_mismatch,
SAMN51434793,target_standard_mismatch,
SAMN51434794,target_standard_mismatch,
SAMN51434795,target_standard_mismatch,
SAMN51434796,target_standard_mismatch,
SAMN51434797,target_standard_mismatch,
SAMN51434798,target_standard_mismatch,
SAMN51434799,target_standard_mismatch,
SAMN51434800,target_standard_mismatch,
SAMN51434801,target_standard_mismatch,
SAMN51434802,target_standard_mismatch,
SAMN51434803,target_standard_mismatch,
SAMN51434804,target_standard_mismatch,
SAMN51434805,target_standard_mismatch,
SAMN51434893,target_standard_mismatch,
SAMN51434894,target_standard_mismatch,
SAMN51434895,target_standard_mismatch,
SAMN51434896,target_standard_mismatch,
SAMN51434897,target_standard_mismatch,
SAMN51434898,target_standard_mismatch,
SAMN51434899,target_standard_mismatch,
SAMN51434900,target_standard_mismatch,
SAMN51434901,target_standard_mismatch,
SAMN51434902,target_standard_mismatch,
SAMN55385771,unsupported_species,
SAMN55932971,target_standard_mismatch,
SAMN55932972,target_standard_mismatch,
SAMN55932976,target_standard_mismatch,
SAMN55932984,target_standard_mismatch,
SAMN55932993,target_standard_mismatch,
SAMN55933006,target_standard_mismatch,
SAMN55933009,target_standard_mismatch,
SAMN55933014,target_standard_mismatch,
SAMN55933015,target_standard_mismatch,
SAMN55933018,target_standard_mismatch,
SAMN55933019,target_standard_mismatch,
SAMN55933021,target_standard_mismatch,
SAMN55933023,target_standard_mismatch,
SAMN55933027,target_standard_mismatch,
SAMN55933030,target_standard_mismatch,
SAMN55933031,target_standard_mismatch,
SAMN55933036,target_standard_mismatch,
SAMN55933038,target_standard_mismatch,
SAMN55933039,target_standard_mismatch,
