isolate_id,group_id,source_id,country,partition
SAMN04448219,G4,PRJNA296771,USA,train
SAMN04448220,G5,PRJNA296771,USA,train
SAMN04448225,G7,PRJNA296771,USA,train
SAMN04448226,G8,PRJNA296771,USA,train
SAMN04448227,G9,PRJNA296771,USA,train
SAMN04448228,G10,PRJNA296771,USA,train
SAMN04448229,G11,PRJNA296771,USA,train
SAMN04448234,G15,PRJNA296771,USA,train
SAMN04448235,G16,PRJNA296771,USA,train
SAMN04448237,G18,PRJNA296771,USA,train
SAMN04448238,G19,PRJNA296771,USA,train
SAMN04448239,G20,PRJNA296771,USA,train
SAMN04448241,G22,PRJNA296771,USA,train
SAMN04448243,G23,PRJNA296771,USA,train
SAMN04448246,G25,PRJNA296771,USA,train
SAMN04448247,G26,PRJNA296771,USA,train
SAMN04448249,G28,PRJNA296771,USA,train
SAMN04514121,G31,PRJNA312972,Honduras,train
SAMN04514122,G32,PRJNA312972,Honduras,train
SAMN04514123,G33,PRJNA312972,USA,train
SAMN04514124,G34,PRJNA312972,Germany,train
SAMN05170057,G36,PRJNA288601,USA,train
SAMN05170058,G37,PRJNA288601,USA,train
SAMN05170062,G39,PRJNA288601,USA,train
SAMN05170064,G40,PRJNA288601,USA,train
SAMN05170075,G41,PRJNA288601,USA,train
SAMN05170077,G43,PRJNA288601,USA,train
SAMN05170082,G44,PRJNA288601,USA,train
SAMN05170095,G47,PRJNA288601,USA,train
SAMN05170098,G48,PRJNA288601,USA,train
SAMN05170101,G49,PRJNA288601,USA,train
SAMN05170102,G50,PRJNA288601,USA,train
SAMN05170104,G52,PRJNA288601,USA,train
SAMN05170105,G53,PRJNA288601,USA,train
SAMN05170106,G54,PRJNA288601,USA,train
SAMN05170107,G55,PRJNA288601,USA,train
SAMN05170109,G57,PRJNA288601,USA,train
SAMN05170110,G58,PRJNA288601,USA,train
SAMN05170111,G59,PRJNA288601,USA,train
SAMN05170112,G60,PRJNA288601,USA,train
SAMN05170118,G61,PRJNA288601,USA,train
SAMN05170121,G63,PRJNA288601,USA,train
SAMN05170122,G64,PRJNA288601,USA,train
SAMN05170123,G65,PRJNA288601,USA,train
SAMN05170125,G67,PRJNA288601,USA,train
SAMN05170128,G68,PRJNA288601,USA,train
SAMN05170129,G69,PRJNA288601,USA,train
SAMN05170133,G71,PRJNA288601,USA,train
SAMN05170134,G72,PRJNA288601,USA,train
SAMN05170136,G74,PRJNA288601,USA,train
SAMN05170137,G75,PRJNA288601,USA,train
SAMN05170141,G76,PRJNA288601,USA,train
SAMN05170144,G78,PRJNA288601,USA,train
SAMN05170145,G79,PRJNA288601,USA,train
SAMN05170158,G81,PRJNA288601,USA,train
SAMN05170171,G82,PRJNA288601,USA,train
SAMN05170172,G83,PRJNA288601,USA,train
SAMN05170174,G85,PRJNA288601,USA,train
SAMN05170175,G86,PRJNA288601,USA,train
SAMN05170176,G87,PRJNA288601,USA,train
SAMN05170178,G88,PRJNA288601,USA,train
SAMN05170180,G90,PRJNA288601,USA,train
SAMN05170181,G91,PRJNA288601,USA,train
SAMN05170182,G92,PRJNA288601,USA,train
SAMN05170187,G94,PRJNA288601,USA,train
SAMN05170189,G96,PRJNA288601,USA,train
SAMN05170191,G97,PRJNA288601,USA,train
SAMN05170192,G98,PRJNA288601,USA,train
SAMN05170193,G99,PRJNA288601,USA,train
SAMN05170195,G101,PRJNA288601,USA,train
SAMN05170196,G102,PRJNA288601,USA,train
SAMN05170201,G104,PRJNA288601,USA,train
SAMN05170209,G105,PRJNA288601,USA,train
SAMN05170211,G106,PRJNA288601,USA,train
SAMN05170214,G107,PRJNA288601,USA,train
SAMN05170217,G109,PRJNA288601,USA,train
SAMN05170218,G110,PRJNA288601,USA,train
SAMN05170219,G111,PRJNA288601,USA,train
SAMN05170222,G113,PRJNA288601,USA,train
SAMN05170226,G114,PRJNA288601,USA,train
SAMN05170239,G116,PRJNA288601,USA,train
SAMN05170240,G117,PRJNA288601,USA,train
SAMN05170242,G118,PRJNA288601,USA,train
SAMN05170243,G119,PRJNA288601,USA,train
SAMN05170245,G120,PRJNA288601,USA,train
SAMN05170246,G121,PRJNA288601,USA,train
SAMN05170248,G123,PRJNA288601,USA,train
SAMN05170249,G124,PRJNA288601,USA,train
SAMN05170251,G125,PRJNA288601,USA,train
SAMN05170252,G126,PRJNA288601,USA,train
SAMN05170254,G128,PRJNA288601,USA,train
SAMN05170255,G129,PRJNA288601,USA,train
SAMN05170256,G130,PRJNA288601,USA,train
SAMN05170258,G131,PRJNA288601,USA,train
SAMN05170263,G132,PRJNA288601,USA,train
SAMN05170265,G134,PRJNA288601,USA,train
SAMN05170266,G135,PRJNA288601,USA,train
SAMN05170277,G137,PRJNA288601,USA,train
SAMN05170279,G138,PRJNA288601,USA,train
SAMN05170284,G139,PRJNA288601,USA,train
SAMN05170285,G140,PRJNA288601,USA,train
SAMN05170302,G141,PRJNA288601,USA,train
SAMN05170306,G142,PRJNA288601,USA,train
SAMN05170308,G144,PRJNA288601,USA,train
SAMN05170309,G145,PRJNA288601,USA,train
SAMN05170310,G146,PRJNA288601,USA,train
SAMN05170311,G147,PRJNA288601,USA,train
SAMN05170315,G149,PRJNA288601,USA,train
SAMN05170321,G151,PRJNA288601,USA,train
SAMN05170322,G152,PRJNA288601,USA,train
SAMN05170324,G153,PRJNA288601,USA,train
SAMN05170329,G155,PRJNA288601,USA,train
SAMN05170330,G156,PRJNA288601,USA,train
SAMN05170339,G157,PRJNA288601,USA,train
SAMN05170341,G159,PRJNA288601,USA,train
SAMN05170342,G160,PRJNA288601,USA,train
SAMN05170344,G161,PRJNA288601,USA,train
SAMN05170347,G163,PRJNA288601,USA,train
SAMN05213494,G165,PRJNA308116,Pakistan,train
SAMN05213496,G167,PRJNA308116,Pakistan,train
SAMN05213498,G168,PRJNA308116,Pakistan,train
SAMN05213499,G169,PRJNA308116,Pakistan,train
SAMN05213500,G170,PRJNA308116,Pakistan,train
SAMN05213501,G171,PRJNA308116,Pakistan,train
SAMN05213502,G172,PRJNA308116,Pakistan,train
SAMN09711403,G211,PRJNA482724,Taiwan,train
SAMN10086659,G212,PRJNA308116,Pakistan,train
SAMN10086660,G213,PRJNA308116,Pakistan,train
SAMN10086689,G215,PRJNA308116,Pakistan,train
SAMN10086696,G216,PRJNA308116,Pakistan,train
SAMN10086697,G217,PRJNA308116,Pakistan,train
SAMN10086700,G219,PRJNA308116,Pakistan,train
SAMN10086702,G220,PRJNA308116,Pakistan,train
SAMN10086704,G222,PRJNA308116,Pakistan,train
SAMN10086705,G223,PRJNA308116,Pakistan,train
SAMN10086734,G224,PRJNA308116,Pakistan,train
SAMN10086740,G226,PRJNA308116,Pakistan,train
SAMN10086741,G227,PRJNA308116,Pakistan,train
SAMN10086743,G228,PRJNA308116,Pakistan,train
SAMN10086745,G229,PRJNA308116,Pakistan,train
SAMN10086747,G231,PRJNA308116,Pakistan,train
SAMN10086807,G233,PRJNA308116,Pakistan,train
SAMN10086809,G234,PRJNA308116,Pakistan,train
SAMN10086811,G235,PRJNA308116,Pakistan,train
SAMN10086816,G236,PRJNA308116,Pakistan,train
SAMN10086824,G238,PRJNA308116,Pakistan,train
SAMN10086825,G239,PRJNA308116,Pakistan,train
SAMN10086826,G240,PRJNA308116,Pakistan,train
SAMN10086827,G241,PRJNA308116,Pakistan,train
SAMN10086828,G242,PRJNA308116,Pakistan,train
SAMN10086830,G244,PRJNA308116,Pakistan,train
SAMN11270017,G245,PRJNA529562|PRJNA529587,Israel,train
SAMN11270018,G246,PRJNA529562|PRJNA529587,Israel,train
SAMN11270019,G247,PRJNA529562|PRJNA529587,Israel,train
SAMN11270021,G249,PRJNA529562|PRJNA529587,Israel,train
SAMN11270023,G251,PRJNA529562|PRJNA529587,Israel,train
SAMN11270024,G252,PRJNA529562|PRJNA529587,Israel,train
SAMN11270025,G253,PRJNA529562|PRJNA529587,Israel,train
SAMN11270026,G254,PRJNA529562|PRJNA529587,Israel,train
SAMN11270027,G255,PRJNA529562|PRJNA529587,Israel,train
SAMN11270028,G256,PRJNA529562|PRJNA529587,Israel,train
SAMN11270031,G259,PRJNA529562|PRJNA529587,Israel,train
SAMN11270032,G260,PRJNA529562|PRJNA529587,Israel,train
SAMN11270034,G262,PRJNA529562|PRJNA529587,Israel,train
SAMN11270035,G263,PRJNA529562|PRJNA529587,Israel,train
SAMN13176241,G264,PRJNA587095,USA,train
SAMN13176245,G265,PRJNA587095,USA,train
SAMN18917856,G267,PRJNA726009,China,train
SAMN29928033,G268,PRJNA861833,South Africa,train
SAMN29928034,G269,PRJNA861833,South Africa,train
SAMN29928035,G270,PRJNA861833,South Africa,train
SAMN29928036,G271,PRJNA861833,South Africa,train
SAMN29928037,G272,PRJNA861833,South Africa,train
SAMN31774407,G274,PRJNA288601,USA,train
SAMN34111336,G275,PRJNA953359,USA,train
SAMN34111344,G277,PRJNA953359,USA,train
SAMN34111349,G278,PRJNA953359,USA,train
SAMN45204650,G401,PRJNA1156689,Nigeria,train
SAMN45204667,G403,PRJNA1156689,Nigeria,train
SAMN45204673,G404,PRJNA1156689,Nigeria,train
SAMN45204695,G406,PRJNA1156689,Nigeria,train
SAMN45204696,G407,PRJNA1156689,Nigeria,train
SAMN45204701,G408,PRJNA1156689,Nigeria,train
SAMN45204703,G410,PRJNA1156689,Nigeria,train
SAMN45204707,G411,PRJNA1156689,Nigeria,train
SAMN45204710,G413,PRJNA1156689,Nigeria,train
SAMN45204711,G414,PRJNA1156689,Nigeria,train
SAMN45204712,G415,PRJNA1156689,Nigeria,train
SAMN45204713,G416,PRJNA1156689,Nigeria,train
SAMN45204714,G417,PRJNA1156689,Nigeria,train
SAMN45204723,G419,PRJNA1156689,Nigeria,train
SAMN45204724,G420,PRJNA1156689,Nigeria,train
SAMN45204726,G421,PRJNA1156689,Nigeria,train
SAMN45204728,G422,PRJNA1156689,Nigeria,train
SAMN45204731,G424,PRJNA1156689,Nigeria,train
SAMN45204733,G425,PRJNA1156689,Nigeria,train
SAMN45204734,G426,PRJNA1156689,Nigeria,train
SAMN45204737,G427,PRJNA1156689,Nigeria,train
SAMN45204768,G429,PRJNA1156689,Nigeria,train
SAMN45204770,G431,PRJNA1156689,Nigeria,train
SAMN45204772,G432,PRJNA1156689,Nigeria,train
SAMN45204773,G433,PRJNA1156689,Nigeria,train
SAMN45204774,G434,PRJNA1156689,Nigeria,train
SAMN45204778,G436,PRJNA1156689,Nigeria,train
SAMN45204779,G437,PRJNA1156689,Nigeria,train
SAMN48878022,G438,PRJNA1271593,USA,train
SAMN48878077,G440,PRJNA1271593,USA,train
SAMN48878094,G441,PRJNA1271593,USA,train
SAMN48878212,G443,PRJNA1271593,USA,train
SAMN48878213,G444,PRJNA1271593,USA,train
SAMN48878217,G445,PRJNA1271593,USA,train
SAMN48878226,G446,PRJNA1271593,USA,train
SAMN48878273,G448,PRJNA1271593,USA,train
SAMN48878274,G449,PRJNA1271593,USA,train
SAMN48878279,G450,PRJNA1271593,USA,train
SAMN48878315,G451,PRJNA1271593,USA,train
SAMN48878340,G453,PRJNA1271593,USA,train
SAMN48878346,G454,PRJNA1271593,USA,train
SAMN48878424,G455,PRJNA1271593,USA,train
SAMN48878529,G456,PRJNA1271593,USA,train
SAMN48878570,G458,PRJNA1271593,USA,train
SAMN48878571,G459,PRJNA1271593,USA,train
SAMN48878581,G460,PRJNA1271593,USA,train
SAMN48878586,G461,PRJNA1271593,USA,train
SAMN48878612,G462,PRJNA1271593,USA,train
SAMN48878656,G464,PRJNA1271593,USA,train
SAMN48878683,G465,PRJNA1271593,USA,train
SAMN48878693,G466,PRJNA1271593,USA,train
SAMN48878748,G468,PRJNA1271593,USA,train
SAMN48878774,G469,PRJNA1271593,USA,train
SAMN48878795,G471,PRJNA1271593,USA,train
SAMN48878800,G472,PRJNA1271593,USA,train
SAMN48878805,G473,PRJNA1271593,USA,train
SAMN48878834,G475,PRJNA1271593,USA,train
SAMN48878855,G476,PRJNA1271593,USA,train
SAMN48878891,G477,PRJNA1271593,USA,train
SAMN48878929,G479,PRJNA1271593,USA,train
SAMN48878930,G480,PRJNA1271593,USA,train
SAMN04448221,G6,PRJNA296771,USA,calibration
SAMN04448230,G12,PRJNA296771,USA,calibration
SAMN04448231,G13,PRJNA296771,USA,calibration
SAMN04448233,G14,PRJNA296771,USA,calibration
SAMN04448236,G17,PRJNA296771,USA,calibration
SAMN04448240,G21,PRJNA296771,USA,calibration
SAMN04448244,G24,PRJNA296771,USA,calibration
SAMN04448248,G27,PRJNA296771,USA,calibration
SAMN04514120,G30,PRJNA312972,Afghanistan,calibration
SAMN05170055,G35,PRJNA288601,USA,calibration
SAMN05170061,G38,PRJNA288601,USA,calibration
SAMN05170076,G42,PRJNA288601,USA,calibration
SAMN05170084,G45,PRJNA288601,USA,calibration
SAMN05170088,G46,PRJNA288601,USA,calibration
SAMN05170103,G51,PRJNA288601,USA,calibration
SAMN05170108,G56,PRJNA288601,USA,calibration
SAMN05170119,G62,PRJNA288601,USA,calibration
SAMN05170124,G66,PRJNA288601,USA,calibration
SAMN05170131,G70,PRJNA288601,USA,calibration
SAMN05170135,G73,PRJNA288601,USA,calibration
SAMN05170143,G77,PRJNA288601,USA,calibration
SAMN05170156,G80,PRJNA288601,USA,calibration
SAMN05170173,G84,PRJNA288601,USA,calibration
SAMN05170179,G89,PRJNA288601,USA,calibration
SAMN05170185,G93,PRJNA288601,USA,calibration
SAMN05170188,G95,PRJNA288601,USA,calibration
SAMN05170194,G100,PRJNA288601,USA,calibration
SAMN05170197,G103,PRJNA288601,USA,calibration
SAMN05170216,G108,PRJNA288601,USA,calibration
SAMN05170221,G112,PRJNA288601,USA,calibration
SAMN05170230,G115,PRJNA288601,USA,calibration
SAMN05170247,G122,PRJNA288601,USA,calibration
SAMN05170253,G127,PRJNA288601,USA,calibration
SAMN05170264,G133,PRJNA288601,USA,calibration
SAMN05170276,G136,PRJNA288601,USA,calibration
SAMN05170307,G143,PRJNA288601,USA,calibration
SAMN05170313,G148,PRJNA288601,USA,calibration
SAMN05170316,G150,PRJNA288601,USA,calibration
SAMN05170325,G154,PRJNA288601,USA,calibration
SAMN05170340,G158,PRJNA288601,USA,calibration
SAMN05170345,G162,PRJNA288601,USA,calibration
SAMN05213495,G166,PRJNA308116,Pakistan,calibration
SAMN05213503,G173,PRJNA308116,Pakistan,calibration
SAMN10086661,G214,PRJNA308116,Pakistan,calibration
SAMN10086698,G218,PRJNA308116,Pakistan,calibration
SAMN10086703,G221,PRJNA308116,Pakistan,calibration
SAMN10086737,G225,PRJNA308116,Pakistan,calibration
SAMN10086746,G230,PRJNA308116,Pakistan,calibration
SAMN10086795,G232,PRJNA308116,Pakistan,calibration
SAMN10086822,G237,PRJNA308116,Pakistan,calibration
SAMN10086829,G243,PRJNA308116,Pakistan,calibration
SAMN11270020,G248,PRJNA529562|PRJNA529587,Israel,calibration
SAMN11270022,G250,PRJNA529562|PRJNA529587,Israel,calibration
SAMN11270029,G257,PRJNA529562|PRJNA529587,Israel,calibration
SAMN11270030,G258,PRJNA529562|PRJNA529587,Israel,calibration
SAMN11270033,G261,PRJNA529562|PRJNA529587,Israel,calibration
SAMN13176255,G266,PRJNA587095,USA,calibration
SAMN29928043,G273,PRJNA861833,South Africa,calibration
SAMN34111340,G276,PRJNA953359,USA,calibration
SAMN45204659,G402,PRJNA1156689,Nigeria,calibration
SAMN45204686,G405,PRJNA1156689,Nigeria,calibration
SAMN45204702,G409,PRJNA1156689,Nigeria,calibration
SAMN45204708,G412,PRJNA1156689,Nigeria,calibration
SAMN45204722,G418,PRJNA1156689,Nigeria,calibration
SAMN45204730,G423,PRJNA1156689,Nigeria,calibration
SAMN45204767,G428,PRJNA1156689,Nigeria,calibration
SAMN45204769,G430,PRJNA1156689,Nigeria,calibration
SAMN45204775,G435,PRJNA1156689,Nigeria,calibration
SAMN48878038,G439,PRJNA1271593,USA,calibration
SAMN48878193,G442,PRJNA1271593,USA,calibration
SAMN48878256,G447,PRJNA1271593,USA,calibration
SAMN48878326,G452,PRJNA1271593,USA,calibration
SAMN48878565,G457,PRJNA1271593,USA,calibration
SAMN48878654,G463,PRJNA1271593,USA,calibration
SAMN48878700,G467,PRJNA1271593,USA,calibration
SAMN48878775,G470,PRJNA1271593,USA,calibration
SAMN48878817,G474,PRJNA1271593,USA,calibration
SAMN48878895,G478,PRJNA1271593,USA,calibration
SAMN48878940,G481,PRJNA1271593,USA,calibration
SAMN04096279,G0,PRJNA278886,USA,test
SAMN04122809,G1,PRJNA278886,USA,test
SAMN04339714,G2,PRJNA278886,USA,test
SAMN04339715,G3,PRJNA278886,USA,test
SAMN04456590,G29,PRJNA278886,USA,test
SAMN05194535,G164,PRJNA278886,USA,test
SAMN05510459,G174,PRJNA278886,USA,test
SAMN05774073,G175,PRJNA278886,USA,test
SAMN05774083,G176,PRJNA278886,USA,test
SAMN05806167,G177,PRJNA278886,USA,test
SAMN05806176,G178,PRJNA278886,USA,test
SAMN06015658,G179,PRJNA278886,USA,test
SAMN06015668,G180,PRJNA278886,USA,test
SAMN06311516,G181,PRJNA278886,USA,test
SAMN06546423,G182,PRJNA278886,USA,test
SAMN06546424,G183,PRJNA278886,USA,test
SAMN06546425,G184,PRJNA278886,USA,test
SAMN06680398,G185,PRJNA278886,USA,test
SAMN06680399,G186,PRJNA278886,USA,test
SAMN06680408,G187,PRJNA278886,USA,test
SAMN06680409,G188,PRJNA278886,USA,test
SAMN06680411,G189,PRJNA278886,USA,test
SAMN06754730,G190,PRJNA278886,USA,test
SAMN06754739,G191,PRJNA278886,USA,test
SAMN06754741,G192,PRJNA278886,USA,test
SAMN06754742,G193,PRJNA278886,USA,test
SAMN07325893,G194,PRJNA278886,USA,test
SAMN07325895,G195,PRJNA278886,USA,test
SAMN07325896,G196,PRJNA278886,USA,test
SAMN07325898,G197,PRJNA278886,USA,test
SAMN07325906,G198,PRJNA278886,USA,test
SAMN07332510,G199,PRJNA278886,USA,test
SAMN07332511,G200,PRJNA278886,USA,test
SAMN07332513,G201,PRJNA278886,USA,test
SAMN07332514,G202,PRJNA278886,USA,test
SAMN07332515,G203,PRJNA278886,USA,test
SAMN07410707,G204,PRJNA278886,USA,test
SAMN07410710,G205,PRJNA278886,USA,test
SAMN07410711,G206,PRJNA278886,USA,test
SAMN07410714,G207,PRJNA278886,USA,test
SAMN07450844,G208,PRJNA278886,USA,test
SAMN08045835,G209,PRJNA278886,USA,test
SAMN08045836,G210,PRJNA278886,USA,test
SAMN35159565,G279,PRJNA278886,USA,test
SAMN35159566,G280,PRJNA278886,USA,test
SAMN35159567,G281,PRJNA278886,USA,test
SAMN35159568,G282,PRJNA278886,USA,test
SAMN35159570,G283,PRJNA278886,USA,test
SAMN35159571,G284,PRJNA278886,USA,test
SAMN35159577,G285,PRJNA278886,USA,test
SAMN35159578,G286,PRJNA278886,USA,test
SAMN35159580,G287,PRJNA278886,USA,test
SAMN35159581,G288,PRJNA278886,USA,test
SAMN35159582,G289,PRJNA278886,USA,test
SAMN35159584,G290,PRJNA278886,USA,test
SAMN35159586,G291,PRJNA278886,USA,test
SAMN35159587,G292,PRJNA278886,USA,test
SAMN35159588,G293,PRJNA278886,USA,test
SAMN35159589,G294,PRJNA278886,USA,test
SAMN35159590,G295,PRJNA278886,USA,test
SAMN35159591,G296,PRJNA278886,USA,test
SAMN35159592,G297,PRJNA278886,USA,test
SAMN35159593,G298,PRJNA278886,USA,test
SAMN35159594,G299,PRJNA278886,USA,test
SAMN35159595,G300,PRJNA278886,USA,test
SAMN35159596,G301,PRJNA278886,USA,test
SAMN35159599,G302,PRJNA278886,USA,test
SAMN35159600,G303,PRJNA278886,USA,test
SAMN35159601,G304,PRJNA278886,USA,test
SAMN35159602,G305,PRJNA278886,USA,test
SAMN35159603,G306,PRJNA278886,USA,test
SAMN35159607,G307,PRJNA278886,USA,test
SAMN35159609,G308,PRJNA278886,USA,test
SAMN35159612,G309,PRJNA278886,USA,test
SAMN35159613,G310,PRJNA278886,USA,test
SAMN35159614,G311,PRJNA278886,USA,test
SAMN35159615,G312,PRJNA278886,USA,test
SAMN35159617,G313,PRJNA278886,USA,test
SAMN35159619,G314,PRJNA278886,USA,test
SAMN35159620,G315,PRJNA278886,USA,test
SAMN35159621,G316,PRJNA278886,USA,test
SAMN35159622,G317,PRJNA278886,USA,test
SAMN35159623,G318,PRJNA278886,USA,test
SAMN35159624,G319,PRJNA278886,USA,test
SAMN35159627,G320,PRJNA278886,USA,test
SAMN35159630,G321,PRJNA278886,USA,test
SAMN35159631,G322,PRJNA278886,USA,test
SAMN35159632,G323,PRJNA278886,USA,test
SAMN35159633,G324,PRJNA278886,USA,test
SAMN35159634,G325,PRJNA278886,USA,test
SAMN35159635,G326,PRJNA278886,USA,test
SAMN35159636,G327,PRJNA278886,USA,test
SAMN35159637,G328,PRJNA278886,USA,test
SAMN35159638,G329,PRJNA278886,USA,test
SAMN35159639,G330,PRJNA278886,USA,test
SAMN35159640,G331,PRJNA278886,USA,test
SAMN35159642,G332,PRJNA278886,USA,test
SAMN35159643,G333,PRJNA278886,USA,test
SAMN35159644,G334,PRJNA278886,USA,test
SAMN35159647,G335,PRJNA278886,USA,test
SAMN35159648,G336,PRJNA278886,USA,test
SAMN35159649,G337,PRJNA278886,USA,test
SAMN35159650,G338,PRJNA278886,USA,test
SAMN35159651,G339,PRJNA278886,USA,test
SAMN35159652,G340,PRJNA278886,USA,test
SAMN35159653,G341,PRJNA278886,USA,test
SAMN35159654,G342,PRJNA278886,USA,test
SAMN35159657,G343,PRJNA278886,USA,test
SAMN35159658,G344,PRJNA278886,USA,test
SAMN35159660,G345,PRJNA278886,USA,test
SAMN35159661,G346,PRJNA278886,USA,test
SAMN35159662,G347,PRJNA278886,USA,test
SAMN35159665,G348,PRJNA278886,USA,test
SAMN35159666,G349,PRJNA278886,USA,test
SAMN35159670,G350,PRJNA278886,USA,test
SAMN35159672,G351,PRJNA278886,USA,test
SAMN35159674,G352,PRJNA278886,USA,test
SAMN35159676,G353,PRJNA278886,USA,test
SAMN35159677,G354,PRJNA278886,USA,test
SAMN35159678,G355,PRJNA278886,USA,test
SAMN35159679,G356,PRJNA278886,USA,test
SAMN35159680,G357,PRJNA278886,USA,test
SAMN35159681,G358,PRJNA278886,USA,test
SAMN35159682,G359,PRJNA278886,USA,test
SAMN35219273,G360,PRJNA278886,USA,test
SAMN35219275,G361,PRJNA278886,USA,test
SAMN35219276,G362,PRJNA278886,USA,test
SAMN35219277,G363,PRJNA278886,USA,test
SAMN36726405,G364,PRJNA278886,USA,test
SAMN36727284,G365,PRJNA278886,USA,test
SAMN36727322,G366,PRJNA278886,USA,test
SAMN36727339,G367,PRJNA278886,USA,test
SAMN36728899,G368,PRJNA278886,USA,test
SAMN36729175,G369,PRJNA278886,USA,test
SAMN36729193,G370,PRJNA278886,USA,test
SAMN36892861,G371,PRJNA278886,USA,test
SAMN36892884,G372,PRJNA278886,USA,test
SAMN36892889,G373,PRJNA278886,USA,test
SAMN37516882,G374,PRJNA278886,USA,test
SAMN37516883,G375,PRJNA278886,USA,test
SAMN37516885,G376,PRJNA278886,USA,test
SAMN37516894,G377,PRJNA278886,USA,test
SAMN37516898,G378,PRJNA278886,USA,test
SAMN37516907,G379,PRJNA278886,USA,test
SAMN37516910,G380,PRJNA278886,USA,test
SAMN37516928,G381,PRJNA278886,USA,test
SAMN37516935,G382,PRJNA278886,USA,test
SAMN37516937,G383,PRJNA278886,USA,test
SAMN38228811,G384,PRJNA278886,USA,test
SAMN38228812,G385,PRJNA278886,USA,test
SAMN38228821,G386,PRJNA278886,USA,test
SAMN38228823,G387,PRJNA278886,USA,test
SAMN38228838,G388,PRJNA278886,USA,test
SAMN38228839,G389,PRJNA278886,USA,test
SAMN38228847,G390,PRJNA278886,USA,test
SAMN38228851,G391,PRJNA278886,USA,test
SAMN38228868,G392,PRJNA278886,USA,test
SAMN39956415,G393,PRJNA278886,USA,test
SAMN39956422,G394,PRJNA278886,USA,test
SAMN40930636,G395,PRJNA278886,USA,test
SAMN40930641,G396,PRJNA278886,USA,test
SAMN40930668,G397,PRJNA278886,USA,test
SAMN40930671,G398,PRJNA278886,USA,test
SAMN41091862,G399,PRJNA278886,USA,test
SAMN41091868,G400,PRJNA278886,USA,test
