source_id,species,country,collection_date,patient_id,duplicate_group,host,ndm,oxa48,mechanism_evidence,isolate_id,y,target_sir,label_standard,label_version,cefepime__log2_bound,cefepime__left_censored,cefepime__right_censored,cefepime__strict_bound,cefepime__missing,ceftazidime__log2_bound,ceftazidime__left_censored,ceftazidime__right_censored,ceftazidime__strict_bound,ceftazidime__missing,ciprofloxacin__log2_bound,ciprofloxacin__left_censored,ciprofloxacin__right_censored,ciprofloxacin__strict_bound,ciprofloxacin__missing,gentamicin__log2_bound,gentamicin__left_censored,gentamicin__right_censored,gentamicin__strict_bound,gentamicin__missing,amikacin__log2_bound,amikacin__left_censored,amikacin__right_censored,amikacin__strict_bound,amikacin__missing,observed_features,mechanism,group_id
DEMO_A,Escherichia coli,FICTIONAL_A,2024-01-01,P0,,Homo sapiens,positive,positive,synthetic_fixture,SYNTH_00000,0,S,EUCAST,SYNTHETIC_ONLY,1.0,0.0,0.0,0.0,0.0,,0.0,0.0,0.0,1.0,1.0,0.0,0.0,0.0,0.0,2.0,0.0,0.0,0.0,0.0,3.0,0.0,0.0,0.0,0.0,4,co_producer,G0
DEMO_A,Klebsiella pneumoniae,FICTIONAL_A,2024-02-01,P0,,Homo sapiens,unknown,unknown,synthetic_fixture,SYNTH_00001,1,R,EUCAST,SYNTHETIC_ONLY,1.0,0.0,0.0,0.0,0.0,2.0,0.0,0.0,0.0,0.0,,0.0,0.0,0.0,1.0,2.0,0.0,0.0,0.0,0.0,2.0,0.0,0.0,0.0,0.0,4,unknown,G0
DEMO_A,Escherichia coli,FICTIONAL_A,2024-03-01,P1,,Homo sapiens,unknown,unknown,synthetic_fixture,SYNTH_00002,1,R,EUCAST,SYNTHETIC_ONLY,1.0,0.0,0.0,0.0,0.0,2.0,0.0,0.0,0.0,0.0,2.0,0.0,0.0,0.0,0.0,2.0,0.0,0.0,0.0,0.0,2.0,0.0,0.0,0.0,0.0,5,unknown,G2
DEMO_A,Klebsiella pneumoniae,FICTIONAL_A,2024-04-01,P1,,Homo sapiens,positive,unknown,synthetic_fixture,SYNTH_00003,1,R,EUCAST,SYNTHETIC_ONLY,0.0,0.0,0.0,0.0,0.0,2.0,0.0,0.0,0.0,0.0,2.0,0.0,0.0,0.0,0.0,2.0,0.0,0.0,0.0,0.0,3.0,0.0,0.0,0.0,0.0,5,NDM_positive_other_unknown,G2
DEMO_A,Escherichia coli,FICTIONAL_A,2024-05-01,P2,,Homo sapiens,unknown,unknown,synthetic_fixture,SYNTH_00004,1,R,EUCAST,SYNTHETIC_ONLY,1.0,0.0,0.0,0.0,0.0,2.0,0.0,0.0,0.0,0.0,1.0,0.0,0.0,0.0,0.0,1.0,0.0,0.0,0.0,0.0,4.0,0.0,0.0,0.0,0.0,5,unknown,G4
DEMO_A,Klebsiella pneumoniae,FICTIONAL_A,2024-06-01,P2,,Homo sapiens,unknown,positive,synthetic_fixture,SYNTH_00005,0,S,EUCAST,SYNTHETIC_ONLY,-1.0,0.0,0.0,0.0,0.0,0.0,0.0,0.0,0.0,0.0,1.0,0.0,0.0,0.0,0.0,,0.0,0.0,0.0,1.0,2.0,0.0,0.0,0.0,0.0,4,OXA48_positive_other_unknown,G4
DEMO_A,Escherichia coli,FICTIONAL_A,2024-07-01,P3,,Homo sapiens,positive,unknown,synthetic_fixture,SYNTH_00006,0,S,EUCAST,SYNTHETIC_ONLY,-1.0,0.0,0.0,0.0,0.0,0.0,0.0,0.0,0.0,0.0,0.0,0.0,0.0,0.0,0.0,2.0,0.0,0.0,0.0,0.0,2.0,0.0,0.0,0.0,0.0,5,NDM_positive_other_unknown,G6
DEMO_A,Klebsiella pneumoniae,FICTIONAL_A,2024-08-01,P3,,Homo sapiens,unknown,unknown,synthetic_fixture,SYNTH_00007,0,S,EUCAST,SYNTHETIC_ONLY,,0.0,0.0,0.0,1.0,0.0,0.0,0.0,0.0,0.0,0.0,0.0,0.0,0.0,0.0,1.0,0.0,0.0,0.0,0.0,2.0,0.0,0.0,0.0,0.0,4,unknown,G6
DEMO_A,Escherichia coli,FICTIONAL_A,2024-09-01,P4,,Homo sapiens,unknown,unknown,synthetic_fixture,SYNTH_00008,0,S,EUCAST,SYNTHETIC_ONLY,-2.0,0.0,0.0,0.0,0.0,-1.0,0.0,0.0,0.0,0.0,0.0,0.0,0.0,0.0,0.0,3.0,0.0,0.0,0.0,0.0,2.0,0.0,0.0,0.0,0.0,5,unknown,G8
DEMO_A,Klebsiella pneumoniae,FICTIONAL_A,2024-10-01,P4,,Homo sapiens,positive,unknown,synthetic_fixture,SYNTH_00009,0,S,EUCAST,SYNTHETIC_ONLY,,0.0,0.0,0.0,1.0,1.0,0.0,0.0,0.0,0.0,1.0,0.0,0.0,0.0,0.0,0.0,0.0,0.0,0.0,0.0,2.0,0.0,0.0,0.0,0.0,4,NDM_positive_other_unknown,G8
DEMO_A,Escherichia coli,FICTIONAL_A,2024-11-01,P5,,Homo sapiens,unknown,positive,synthetic_fixture,SYNTH_00010,0,S,EUCAST,SYNTHETIC_ONLY,1.0,0.0,0.0,0.0,0.0,-1.0,0.0,0.0,0.0,0.0,1.0,0.0,0.0,0.0,0.0,2.0,0.0,0.0,0.0,0.0,3.0,0.0,0.0,0.0,0.0,5,OXA48_positive_other_unknown,G10
DEMO_A,Klebsiella pneumoniae,FICTIONAL_A,2024-12-01,P5,,Homo sapiens,unknown,unknown,synthetic_fixture,SYNTH_00011,0,S,EUCAST,SYNTHETIC_ONLY,-2.0,0.0,0.0,0.0,0.0,0.0,0.0,0.0,0.0,0.0,,0.0,0.0,0.0,1.0,0.0,0.0,0.0,0.0,0.0,2.0,0.0,0.0,0.0,0.0,4,unknown,G10
DEMO_A,Escherichia coli,FICTIONAL_A,2024-01-01,P6,,Homo sapiens,positive,unknown,synthetic_fixture,SYNTH_00012,1,R,EUCAST,SYNTHETIC_ONLY,1.0,0.0,0.0,0.0,0.0,3.0,0.0,0.0,0.0,0.0,2.0,0.0,0.0,0.0,0.0,3.0,0.0,0.0,0.0,0.0,3.0,0.0,0.0,0.0,0.0,5,NDM_positive_other_unknown,G12
DEMO_A,Klebsiella pneumoniae,FICTIONAL_A,2024-02-01,P6,,Homo sapiens,unknown,unknown,synthetic_fixture,SYNTH_00013,0,S,EUCAST,SYNTHETIC_ONLY,-1.0,0.0,0.0,0.0,0.0,1.0,0.0,0.0,0.0,0.0,1.0,0.0,0.0,0.0,0.0,1.0,0.0,0.0,0.0,0.0,1.0,0.0,0.0,0.0,0.0,5,unknown,G12
DEMO_A,Escherichia coli,FICTIONAL_A,2024-03-01,P7,,Homo sapiens,unknown,unknown,synthetic_fixture,SYNTH_00014,1,R,EUCAST,SYNTHETIC_ONLY,0.0,0.0,0.0,0.0,0.0,1.0,0.0,0.0,0.0,0.0,0.0,0.0,0.0,0.0,0.0,0.0,0.0,0.0,0.0,0.0,1.0,0.0,0.0,0.0,0.0,5,unknown,G14
DEMO_A,Klebsiella pneumoniae,FICTIONAL_A,2024-04-01,P7,,Homo sapiens,positive,positive,synthetic_fixture,SYNTH_00015,0,S,EUCAST,SYNTHETIC_ONLY,0.0,0.0,0.0,0.0,0.0,-1.0,0.0,0.0,0.0,0.0,1.0,0.0,0.0,0.0,0.0,0.0,0.0,0.0,0.0,0.0,2.0,0.0,0.0,0.0,0.0,5,co_producer,G14
DEMO_A,Escherichia coli,FICTIONAL_A,2024-05-01,P8,,Homo sapiens,unknown,unknown,synthetic_fixture,SYNTH_00016,1,R,EUCAST,SYNTHETIC_ONLY,0.0,0.0,0.0,0.0,0.0,4.0,0.0,0.0,0.0,0.0,2.0,0.0,0.0,0.0,0.0,1.0,0.0,0.0,0.0,0.0,4.0,0.0,0.0,0.0,0.0,5,unknown,G16
DEMO_A,Klebsiella pneumoniae,FICTIONAL_A,2024-06-01,P8,,Homo sapiens,unknown,unknown,synthetic_fixture,SYNTH_00017,0,S,EUCAST,SYNTHETIC_ONLY,0.0,0.0,0.0,0.0,0.0,0.0,0.0,0.0,0.0,0.0,-1.0,0.0,0.0,0.0,0.0,0.0,0.0,0.0,0.0,0.0,1.0,0.0,0.0,0.0,0.0,5,unknown,G16
DEMO_A,Escherichia coli,FICTIONAL_A,2024-07-01,P9,,Homo sapiens,positive,unknown,synthetic_fixture,SYNTH_00018,1,R,EUCAST,SYNTHETIC_ONLY,0.0,0.0,0.0,0.0,0.0,1.0,0.0,0.0,0.0,0.0,0.0,0.0,0.0,0.0,0.0,2.0,0.0,0.0,0.0,0.0,2.0,0.0,0.0,0.0,0.0,5,NDM_positive_other_unknown,G18
DEMO_A,Klebsiella pneumoniae,FICTIONAL_A,2024-08-01,P9,,Homo sapiens,unknown,unknown,synthetic_fixture,SYNTH_00019,0,S,EUCAST,SYNTHETIC_ONLY,-1.0,0.0,0.0,0.0,0.0,0.0,0.0,0.0,0.0,0.0,3.0,0.0,0.0,0.0,0.0,0.0,0.0,0.0,0.0,0.0,0.0,0.0,0.0,0.0,0.0,5,unknown,G18
DEMO_A,Escherichia coli,FICTIONAL_A,2024-09-01,P10,,Homo sapiens,unknown,positive,synthetic_fixture,SYNTH_00020,0,S,EUCAST,SYNTHETIC_ONLY,-1.0,0.0,0.0,0.0,0.0,-2.0,0.0,0.0,0.0,0.0,-1.0,0.0,0.0,0.0,0.0,3.0,0.0,0.0,0.0,0.0,1.0,0.0,0.0,0.0,0.0,5,OXA48_positive_other_unknown,G20
DEMO_A,Klebsiella pneumoniae,FICTIONAL_A,2024-10-01,P10,,Homo sapiens,positive,unknown,synthetic_fixture,SYNTH_00021,0,S,EUCAST,SYNTHETIC_ONLY,2.0,0.0,0.0,0.0,0.0,-1.0,0.0,0.0,0.0,0.0,4.0,0.0,0.0,0.0,0.0,,0.0,0.0,0.0,1.0,2.0,0.0,0.0,0.0,0.0,4,NDM_positive_other_unknown,G20
DEMO_A,Escherichia coli,FICTIONAL_A,2024-11-01,P11,,Homo sapiens,unknown,unknown,synthetic_fixture,SYNTH_00022,1,R,EUCAST,SYNTHETIC_ONLY,3.0,0.0,0.0,0.0,0.0,2.0,0.0,0.0,0.0,0.0,1.0,0.0,0.0,0.0,0.0,,0.0,0.0,0.0,1.0,,0.0,0.0,0.0,1.0,3,unknown,G22
DEMO_A,Klebsiella pneumoniae,FICTIONAL_A,2024-12-01,P11,,Homo sapiens,unknown,unknown,synthetic_fixture,SYNTH_00023,0,S,EUCAST,SYNTHETIC_ONLY,1.0,0.0,0.0,0.0,0.0,1.0,0.0,0.0,0.0,0.0,1.0,0.0,0.0,0.0,0.0,2.0,0.0,0.0,0.0,0.0,5.0,0.0,0.0,0.0,0.0,5,unknown,G22
DEMO_A,Escherichia coli,FICTIONAL_A,2024-01-01,P12,,Homo sapiens,positive,unknown,synthetic_fixture,SYNTH_00024,1,R,EUCAST,SYNTHETIC_ONLY,1.0,0.0,0.0,0.0,0.0,3.0,0.0,0.0,0.0,0.0,4.0,0.0,0.0,0.0,0.0,,0.0,0.0,0.0,1.0,2.0,0.0,0.0,0.0,0.0,4,NDM_positive_other_unknown,G24
DEMO_A,Klebsiella pneumoniae,FICTIONAL_A,2024-02-01,P12,,Homo sapiens,unknown,positive,synthetic_fixture,SYNTH_00025,1,R,EUCAST,SYNTHETIC_ONLY,0.0,0.0,0.0,0.0,0.0,1.0,0.0,0.0,0.0,0.0,2.0,0.0,0.0,0.0,0.0,2.0,0.0,0.0,0.0,0.0,0.0,0.0,0.0,0.0,0.0,5,OXA48_positive_other_unknown,G24
DEMO_A,Escherichia coli,FICTIONAL_A,2024-03-01,P13,,Homo sapiens,unknown,unknown,synthetic_fixture,SYNTH_00026,0,S,EUCAST,SYNTHETIC_ONLY,-1.0,0.0,0.0,0.0,0.0,1.0,0.0,0.0,0.0,0.0,-1.0,0.0,0.0,0.0,0.0,1.0,0.0,0.0,0.0,0.0,1.0,0.0,0.0,0.0,0.0,5,unknown,G26
DEMO_A,Klebsiella pneumoniae,FICTIONAL_A,2024-04-01,P13,,Homo sapiens,positive,unknown,synthetic_fixture,SYNTH_00027,1,R,EUCAST,SYNTHETIC_ONLY,1.0,0.0,0.0,0.0,0.0,1.0,0.0,0.0,0.0,0.0,1.0,0.0,0.0,0.0,0.0,1.0,0.0,0.0,0.0,0.0,1.0,0.0,0.0,0.0,0.0,5,NDM_positive_other_unknown,G26
DEMO_A,Escherichia coli,FICTIONAL_A,2024-05-01,P14,,Homo sapiens,unknown,unknown,synthetic_fixture,SYNTH_00028,1,R,EUCAST,SYNTHETIC_ONLY,1.0,0.0,0.0,0.0,0.0,2.0,0.0,0.0,0.0,0.0,3.0,0.0,0.0,0.0,0.0,2.0,0.0,0.0,0.0,0.0,2.0,0.0,0.0,0.0,0.0,5,unknown,G28
DEMO_A,Klebsiella pneumoniae,FICTIONAL_A,2024-06-01,P14,,Homo sapiens,unknown,unknown,synthetic_fixture,SYNTH_00029,1,R,EUCAST,SYNTHETIC_ONLY,0.0,0.0,0.0,0.0,0.0,1.0,0.0,0.0,0.0,0.0,,0.0,0.0,0.0,1.0,2.0,0.0,0.0,0.0,0.0,4.0,0.0,0.0,0.0,0.0,4,unknown,G28
DEMO_A,Escherichia coli,FICTIONAL_A,2024-07-01,P15,,Homo sapiens,positive,positive,synthetic_fixture,SYNTH_00030,0,S,EUCAST,SYNTHETIC_ONLY,-2.0,0.0,0.0,0.0,0.0,-4.0,0.0,0.0,0.0,0.0,0.0,0.0,0.0,0.0,0.0,1.0,0.0,0.0,0.0,0.0,1.0,0.0,0.0,0.0,0.0,5,co_producer,G30
DEMO_A,Klebsiella pneumoniae,FICTIONAL_A,2024-08-01,P15,,Homo sapiens,unknown,unknown,synthetic_fixture,SYNTH_00031,0,S,EUCAST,SYNTHETIC_ONLY,0.0,0.0,0.0,0.0,0.0,0.0,0.0,0.0,0.0,0.0,0.0,0.0,0.0,0.0,0.0,1.0,0.0,0.0,0.0,0.0,1.0,0.0,0.0,0.0,0.0,5,unknown,G30
DEMO_A,Escherichia coli,FICTIONAL_A,2024-09-01,P16,,Homo sapiens,unknown,unknown,synthetic_fixture,SYNTH_00032,1,R,EUCAST,SYNTHETIC_ONLY,-1.0,0.0,0.0,0.0,0.0,1.0,0.0,0.0,0.0,0.0,2.0,0.0,0.0,0.0,0.0,2.0,0.0,0.0,0.0,0.0,4.0,0.0,0.0,0.0,0.0,5,unknown,G32
DEMO_A,Klebsiella pneumoniae,FICTIONAL_A,2024-10-01,P16,,Homo sapiens,positive,unknown,synthetic_fixture,SYNTH_00033,0,S,EUCAST,SYNTHETIC_ONLY,-1.0,0.0,0.0,0.0,0.0,,0.0,0.0,0.0,1.0,-1.0,0.0,0.0,0.0,0.0,0.0,0.0,0.0,0.0,0.0,2.0,0.0,0.0,0.0,0.0,4,NDM_positive_other_unknown,G32
DEMO_A,Escherichia coli,FICTIONAL_A,2024-11-01,P17,,Homo sapiens,unknown,unknown,synthetic_fixture,SYNTH_00034,1,R,EUCAST,SYNTHETIC_ONLY,-2.0,0.0,0.0,0.0,0.0,0.0,0.0,0.0,0.0,0.0,2.0,0.0,0.0,0.0,0.0,1.0,0.0,0.0,0.0,0.0,3.0,0.0,0.0,0.0,0.0,5,unknown,G34
DEMO_A,Klebsiella pneumoniae,FICTIONAL_A,2024-12-01,P17,,Homo sapiens,unknown,positive,synthetic_fixture,SYNTH_00035,1,R,EUCAST,SYNTHETIC_ONLY,0.0,0.0,0.0,0.0,0.0,2.0,0.0,0.0,0.0,0.0,2.0,0.0,0.0,0.0,0.0,,0.0,0.0,0.0,1.0,,0.0,0.0,0.0,1.0,3,OXA48_positive_other_unknown,G34
DEMO_A,Escherichia coli,FICTIONAL_A,2024-01-01,P18,,Homo sapiens,positive,unknown,synthetic_fixture,SYNTH_00036,0,S,EUCAST,SYNTHETIC_ONLY,-1.0,0.0,0.0,0.0,0.0,1.0,0.0,0.0,0.0,0.0,1.0,0.0,0.0,0.0,0.0,3.0,0.0,0.0,0.0,0.0,2.0,0.0,0.0,0.0,0.0,5,NDM_positive_other_unknown,G36
DEMO_A,Klebsiella pneumoniae,FICTIONAL_A,2024-02-01,P18,,Homo sapiens,unknown,unknown,synthetic_fixture,SYNTH_00037,1,R,EUCAST,SYNTHETIC_ONLY,1.0,0.0,0.0,0.0,0.0,1.0,0.0,0.0,0.0,0.0,3.0,0.0,0.0,0.0,0.0,1.0,0.0,0.0,0.0,0.0,,0.0,0.0,0.0,1.0,4,unknown,G36
DEMO_A,Escherichia coli,FICTIONAL_A,2024-03-01,P19,,Homo sapiens,unknown,unknown,synthetic_fixture,SYNTH_00038,0,S,EUCAST,SYNTHETIC_ONLY,-3.0,0.0,0.0,0.0,0.0,-1.0,0.0,0.0,0.0,0.0,-1.0,0.0,0.0,0.0,0.0,1.0,0.0,0.0,0.0,0.0,2.0,0.0,0.0,0.0,0.0,5,unknown,G38
DEMO_A,Klebsiella pneumoniae,FICTIONAL_A,2024-04-01,P19,,Homo sapiens,positive,unknown,synthetic_fixture,SYNTH_00039,1,R,EUCAST,SYNTHETIC_ONLY,-1.0,0.0,0.0,0.0,0.0,0.0,0.0,0.0,0.0,0.0,2.0,0.0,0.0,0.0,0.0,2.0,0.0,0.0,0.0,0.0,4.0,0.0,0.0,0.0,0.0,5,NDM_positive_other_unknown,G38
DEMO_A,Escherichia coli,FICTIONAL_A,2024-05-01,P20,,Homo sapiens,unknown,positive,synthetic_fixture,SYNTH_00040,1,R,EUCAST,SYNTHETIC_ONLY,-1.0,0.0,0.0,0.0,0.0,1.0,0.0,0.0,0.0,0.0,0.0,0.0,0.0,0.0,0.0,-1.0,0.0,0.0,0.0,0.0,2.0,0.0,0.0,0.0,0.0,5,OXA48_positive_other_unknown,G40
DEMO_A,Klebsiella pneumoniae,FICTIONAL_A,2024-06-01,P20,,Homo sapiens,unknown,unknown,synthetic_fixture,SYNTH_00041,1,R,EUCAST,SYNTHETIC_ONLY,-1.0,0.0,0.0,0.0,0.0,0.0,0.0,0.0,0.0,0.0,1.0,0.0,0.0,0.0,0.0,1.0,0.0,0.0,0.0,0.0,1.0,0.0,0.0,0.0,0.0,5,unknown,G40
DEMO_A,Escherichia coli,FICTIONAL_A,2024-07-01,P21,,Homo sapiens,positive,unknown,synthetic_fixture,SYNTH_00042,1,R,EUCAST,SYNTHETIC_ONLY,1.0,0.0,0.0,0.0,0.0,1.0,0.0,0.0,0.0,0.0,1.0,0.0,0.0,0.0,0.0,2.0,0.0,0.0,0.0,0.0,3.0,0.0,0.0,0.0,0.0,5,NDM_positive_other_unknown,G42
DEMO_A,Klebsiella pneumoniae,FICTIONAL_A,2024-08-01,P21,,Homo sapiens,unknown,unknown,synthetic_fixture,SYNTH_00043,1,R,EUCAST,SYNTHETIC_ONLY,2.0,0.0,0.0,0.0,0.0,2.0,0.0,0.0,0.0,0.0,2.0,0.0,0.0,0.0,0.0,1.0,0.0,0.0,0.0,0.0,4.0,0.0,0.0,0.0,0.0,5,unknown,G42
DEMO_A,Escherichia coli,FICTIONAL_A,2024-09-01,P22,,Homo sapiens,unknown,unknown,synthetic_fixture,SYNTH_00044,0,S,EUCAST,SYNTHETIC_ONLY,-1.0,0.0,0.0,0.0,0.0,0.0,0.0,0.0,0.0,0.0,1.0,0.0,0.0,0.0,0.0,1.0,0.0,0.0,0.0,0.0,1.0,0.0,0.0,0.0,0.0,5,unknown,G44
DEMO_A,Klebsiella pneumoniae,FICTIONAL_A,2024-10-01,P22,,Homo sapiens,positive,positive,synthetic_fixture,SYNTH_00045,1,R,EUCAST,SYNTHETIC_ONLY,0.0,0.0,0.0,0.0,0.0,3.0,0.0,0.0,0.0,0.0,1.0,0.0,0.0,0.0,0.0,2.0,0.0,0.0,0.0,0.0,2.0,0.0,0.0,0.0,0.0,5,co_producer,G44
DEMO_A,Escherichia coli,FICTIONAL_A,2024-11-01,P23,,Homo sapiens,unknown,unknown,synthetic_fixture,SYNTH_00046,1,R,EUCAST,SYNTHETIC_ONLY,3.0,0.0,0.0,0.0,0.0,1.0,0.0,0.0,0.0,0.0,3.0,0.0,0.0,0.0,0.0,3.0,0.0,0.0,0.0,0.0,4.0,0.0,0.0,0.0,0.0,5,unknown,G46
DEMO_A,Klebsiella pneumoniae,FICTIONAL_A,2024-12-01,P23,,Homo sapiens,unknown,unknown,synthetic_fixture,SYNTH_00047,0,S,EUCAST,SYNTHETIC_ONLY,-3.0,0.0,0.0,0.0,0.0,-2.0,0.0,0.0,0.0,0.0,-1.0,0.0,0.0,0.0,0.0,,0.0,0.0,0.0,1.0,1.0,0.0,0.0,0.0,0.0,4,unknown,G46
DEMO_A,Escherichia coli,FICTIONAL_A,2024-01-01,P24,,Homo sapiens,positive,unknown,synthetic_fixture,SYNTH_00048,1,R,EUCAST,SYNTHETIC_ONLY,1.0,0.0,0.0,0.0,0.0,1.0,0.0,0.0,0.0,0.0,1.0,0.0,0.0,0.0,0.0,1.0,0.0,0.0,0.0,0.0,2.0,0.0,0.0,0.0,0.0,5,NDM_positive_other_unknown,G48
DEMO_A,Klebsiella pneumoniae,FICTIONAL_A,2024-02-01,P24,,Homo sapiens,unknown,unknown,synthetic_fixture,SYNTH_00049,0,S,EUCAST,SYNTHETIC_ONLY,-1.0,0.0,0.0,0.0,0.0,1.0,0.0,0.0,0.0,0.0,0.0,0.0,0.0,0.0,0.0,1.0,0.0,0.0,0.0,0.0,0.0,0.0,0.0,0.0,0.0,5,unknown,G48
DEMO_A,Escherichia coli,FICTIONAL_A,2024-03-01,P25,,Homo sapiens,unknown,positive,synthetic_fixture,SYNTH_00050,0,S,EUCAST,SYNTHETIC_ONLY,0.0,0.0,0.0,0.0,0.0,2.0,0.0,0.0,0.0,0.0,1.0,0.0,0.0,0.0,0.0,-1.0,0.0,0.0,0.0,0.0,2.0,0.0,0.0,0.0,0.0,5,OXA48_positive_other_unknown,G50
DEMO_A,Klebsiella pneumoniae,FICTIONAL_A,2024-04-01,P25,,Homo sapiens,positive,unknown,synthetic_fixture,SYNTH_00051,0,S,EUCAST,SYNTHETIC_ONLY,-2.0,0.0,0.0,0.0,0.0,0.0,0.0,0.0,0.0,0.0,-1.0,0.0,0.0,0.0,0.0,3.0,0.0,0.0,0.0,0.0,1.0,0.0,0.0,0.0,0.0,5,NDM_positive_other_unknown,G50
DEMO_A,Escherichia coli,FICTIONAL_A,2024-05-01,P26,,Homo sapiens,unknown,unknown,synthetic_fixture,SYNTH_00052,0,S,EUCAST,SYNTHETIC_ONLY,-2.0,0.0,0.0,0.0,0.0,-1.0,0.0,0.0,0.0,0.0,0.0,0.0,0.0,0.0,0.0,2.0,0.0,0.0,0.0,0.0,0.0,0.0,0.0,0.0,0.0,5,unknown,G52
DEMO_A,Klebsiella pneumoniae,FICTIONAL_A,2024-06-01,P26,,Homo sapiens,unknown,unknown,synthetic_fixture,SYNTH_00053,1,R,EUCAST,SYNTHETIC_ONLY,,0.0,0.0,0.0,1.0,2.0,0.0,0.0,0.0,0.0,2.0,0.0,0.0,0.0,0.0,2.0,0.0,0.0,0.0,0.0,1.0,0.0,0.0,0.0,0.0,4,unknown,G52
DEMO_A,Escherichia coli,FICTIONAL_A,2024-07-01,P27,,Homo sapiens,positive,unknown,synthetic_fixture,SYNTH_00054,1,R,EUCAST,SYNTHETIC_ONLY,2.0,0.0,0.0,0.0,0.0,1.0,0.0,0.0,0.0,0.0,1.0,0.0,0.0,0.0,0.0,,0.0,0.0,0.0,1.0,2.0,0.0,0.0,0.0,0.0,4,NDM_positive_other_unknown,G54
DEMO_A,Klebsiella pneumoniae,FICTIONAL_A,2024-08-01,P27,,Homo sapiens,unknown,positive,synthetic_fixture,SYNTH_00055,1,R,EUCAST,SYNTHETIC_ONLY,3.0,0.0,0.0,0.0,0.0,1.0,0.0,0.0,0.0,0.0,2.0,0.0,0.0,0.0,0.0,2.0,0.0,0.0,0.0,0.0,3.0,0.0,0.0,0.0,0.0,5,OXA48_positive_other_unknown,G54
DEMO_A,Escherichia coli,FICTIONAL_A,2024-09-01,P28,,Homo sapiens,unknown,unknown,synthetic_fixture,SYNTH_00056,0,S,EUCAST,SYNTHETIC_ONLY,3.0,0.0,0.0,0.0,0.0,1.0,0.0,0.0,0.0,0.0,2.0,0.0,0.0,0.0,0.0,1.0,0.0,0.0,0.0,0.0,2.0,0.0,0.0,0.0,0.0,5,unknown,G56
DEMO_A,Klebsiella pneumoniae,FICTIONAL_A,2024-10-01,P28,,Homo sapiens,positive,unknown,synthetic_fixture,SYNTH_00057,1,R,EUCAST,SYNTHETIC_ONLY,1.0,0.0,0.0,0.0,0.0,,0.0,0.0,0.0,1.0,1.0,0.0,0.0,0.0,0.0,1.0,0.0,0.0,0.0,0.0,1.0,0.0,0.0,0.0,0.0,4,NDM_positive_other_unknown,G56
DEMO_A,Escherichia coli,FICTIONAL_A,2024-11-01,P29,,Homo sapiens,unknown,unknown,synthetic_fixture,SYNTH_00058,0,S,EUCAST,SYNTHETIC_ONLY,-2.0,0.0,0.0,0.0,0.0,-3.0,0.0,0.0,0.0,0.0,0.0,0.0,0.0,0.0,0.0,-2.0,0.0,0.0,0.0,0.0,1.0,0.0,0.0,0.0,0.0,5,unknown,G58
DEMO_A,Klebsiella pneumoniae,FICTIONAL_A,2024-12-01,P29,,Homo sapiens,unknown,unknown,synthetic_fixture,SYNTH_00059,0,S,EUCAST,SYNTHETIC_ONLY,0.0,0.0,0.0,0.0,0.0,0.0,0.0,0.0,0.0,0.0,1.0,0.0,0.0,0.0,0.0,2.0,0.0,0.0,0.0,0.0,3.0,0.0,0.0,0.0,0.0,5,unknown,G58
DEMO_A,Escherichia coli,FICTIONAL_A,2024-01-01,P30,,Homo sapiens,positive,positive,synthetic_fixture,SYNTH_00060,0,S,EUCAST,SYNTHETIC_ONLY,0.0,0.0,0.0,0.0,0.0,0.0,0.0,0.0,0.0,0.0,1.0,0.0,0.0,0.0,0.0,2.0,0.0,0.0,0.0,0.0,1.0,0.0,0.0,0.0,0.0,5,co_producer,G60
DEMO_A,Klebsiella pneumoniae,FICTIONAL_A,2024-02-01,P30,,Homo sapiens,unknown,unknown,synthetic_fixture,SYNTH_00061,0,S,EUCAST,SYNTHETIC_ONLY,,0.0,0.0,0.0,1.0,0.0,0.0,0.0,0.0,0.0,0.0,0.0,0.0,0.0,0.0,1.0,0.0,0.0,0.0,0.0,,0.0,0.0,0.0,1.0,3,unknown,G60
DEMO_A,Escherichia coli,FICTIONAL_A,2024-03-01,P31,,Homo sapiens,unknown,unknown,synthetic_fixture,SYNTH_00062,0,S,EUCAST,SYNTHETIC_ONLY,-1.0,0.0,0.0,0.0,0.0,0.0,0.0,0.0,0.0,0.0,-1.0,0.0,0.0,0.0,0.0,,0.0,0.0,0.0,1.0,0.0,0.0,0.0,0.0,0.0,4,unknown,G62
DEMO_A,Klebsiella pneumoniae,FICTIONAL_A,2024-04-01,P31,,Homo sapiens,positive,unknown,synthetic_fixture,SYNTH_00063,0,S,EUCAST,SYNTHETIC_ONLY,-3.0,0.0,0.0,0.0,0.0,0.0,0.0,0.0,0.0,0.0,-2.0,0.0,0.0,0.0,0.0,2.0,0.0,0.0,0.0,0.0,2.0,0.0,0.0,0.0,0.0,5,NDM_positive_other_unknown,G62
DEMO_A,Escherichia coli,FICTIONAL_A,2024-05-01,P32,,Homo sapiens,unknown,unknown,synthetic_fixture,SYNTH_00064,0,S,EUCAST,SYNTHETIC_ONLY,-1.0,0.0,0.0,0.0,0.0,,0.0,0.0,0.0,1.0,0.0,0.0,0.0,0.0,0.0,,0.0,0.0,0.0,1.0,2.0,0.0,0.0,0.0,0.0,3,unknown,G64
DEMO_A,Klebsiella pneumoniae,FICTIONAL_A,2024-06-01,P32,,Homo sapiens,unknown,positive,synthetic_fixture,SYNTH_00065,0,S,EUCAST,SYNTHETIC_ONLY,0.0,0.0,0.0,0.0,0.0,-3.0,0.0,0.0,0.0,0.0,,0.0,0.0,0.0,1.0,2.0,0.0,0.0,0.0,0.0,1.0,0.0,0.0,0.0,0.0,4,OXA48_positive_other_unknown,G64
DEMO_A,Escherichia coli,FICTIONAL_A,2024-07-01,P33,,Homo sapiens,positive,unknown,synthetic_fixture,SYNTH_00066,0,S,EUCAST,SYNTHETIC_ONLY,-2.0,0.0,0.0,0.0,0.0,1.0,0.0,0.0,0.0,0.0,-1.0,0.0,0.0,0.0,0.0,2.0,0.0,0.0,0.0,0.0,3.0,0.0,0.0,0.0,0.0,5,NDM_positive_other_unknown,G66
DEMO_A,Klebsiella pneumoniae,FICTIONAL_A,2024-08-01,P33,,Homo sapiens,unknown,unknown,synthetic_fixture,SYNTH_00067,1,R,EUCAST,SYNTHETIC_ONLY,,0.0,0.0,0.0,1.0,,0.0,0.0,0.0,1.0,2.0,0.0,0.0,0.0,0.0,1.0,0.0,0.0,0.0,0.0,4.0,0.0,0.0,0.0,0.0,3,unknown,G66
DEMO_A,Escherichia coli,FICTIONAL_A,2024-09-01,P34,,Homo sapiens,unknown,unknown,synthetic_fixture,SYNTH_00068,1,R,EUCAST,SYNTHETIC_ONLY,1.0,0.0,0.0,0.0,0.0,1.0,0.0,0.0,0.0,0.0,2.0,0.0,0.0,0.0,0.0,2.0,0.0,0.0,0.0,0.0,,0.0,0.0,0.0,1.0,4,unknown,G68
DEMO_A,Klebsiella pneumoniae,FICTIONAL_A,2024-10-01,P34,,Homo sapiens,positive,unknown,synthetic_fixture,SYNTH_00069,1,R,EUCAST,SYNTHETIC_ONLY,2.0,0.0,0.0,0.0,0.0,2.0,0.0,0.0,0.0,0.0,2.0,0.0,0.0,0.0,0.0,,0.0,0.0,0.0,1.0,4.0,0.0,0.0,0.0,0.0,4,NDM_positive_other_unknown,G68
DEMO_A,Escherichia coli,FICTIONAL_A,2024-11-01,P35,,Homo sapiens,unknown,positive,synthetic_fixture,SYNTH_00070,0,S,EUCAST,SYNTHETIC_ONLY,,0.0,0.0,0.0,1.0,2.0,0.0,0.0,0.0,0.0,1.0,0.0,0.0,0.0,0.0,1.0,0.0,0.0,0.0,0.0,3.0,0.0,0.0,0.0,0.0,4,OXA48_positive_other_unknown,G70
DEMO_A,Klebsiella pneumoniae,FICTIONAL_A,2024-12-01,P35,,Homo sapiens,unknown,unknown,synthetic_fixture,SYNTH_00071,1,R,EUCAST,SYNTHETIC_ONLY,0.0,0.0,0.0,0.0,0.0,2.0,0.0,0.0,0.0,0.0,,0.0,0.0,0.0,1.0,3.0,0.0,0.0,0.0,0.0,2.0,0.0,0.0,0.0,0.0,4,unknown,G70
DEMO_A,Escherichia coli,FICTIONAL_A,2024-01-01,P36,,Homo sapiens,positive,unknown,synthetic_fixture,SYNTH_00072,0,S,EUCAST,SYNTHETIC_ONLY,1.0,0.0,0.0,0.0,0.0,0.0,0.0,0.0,0.0,0.0,0.0,0.0,0.0,0.0,0.0,0.0,0.0,0.0,0.0,0.0,2.0,0.0,0.0,0.0,0.0,5,NDM_positive_other_unknown,G72
DEMO_A,Klebsiella pneumoniae,FICTIONAL_A,2024-02-01,P36,,Homo sapiens,unknown,unknown,synthetic_fixture,SYNTH_00073,1,R,EUCAST,SYNTHETIC_ONLY,0.0,0.0,0.0,0.0,0.0,-1.0,0.0,0.0,0.0,0.0,0.0,0.0,0.0,0.0,0.0,1.0,0.0,0.0,0.0,0.0,4.0,0.0,0.0,0.0,0.0,5,unknown,G72
DEMO_A,Escherichia coli,FICTIONAL_A,2024-03-01,P37,,Homo sapiens,unknown,unknown,synthetic_fixture,SYNTH_00074,1,R,EUCAST,SYNTHETIC_ONLY,1.0,0.0,0.0,0.0,0.0,0.0,0.0,0.0,0.0,0.0,4.0,0.0,0.0,0.0,0.0,1.0,0.0,0.0,0.0,0.0,1.0,0.0,0.0,0.0,0.0,5,unknown,G74
DEMO_A,Klebsiella pneumoniae,FICTIONAL_A,2024-04-01,P37,,Homo sapiens,positive,positive,synthetic_fixture,SYNTH_00075,0,S,EUCAST,SYNTHETIC_ONLY,0.0,0.0,0.0,0.0,0.0,0.0,0.0,0.0,0.0,0.0,-1.0,0.0,0.0,0.0,0.0,0.0,0.0,0.0,0.0,0.0,,0.0,0.0,0.0,1.0,4,co_producer,G74
DEMO_A,Escherichia coli,FICTIONAL_A,2024-05-01,P38,,Homo sapiens,unknown,unknown,synthetic_fixture,SYNTH_00076,0,S,EUCAST,SYNTHETIC_ONLY,1.0,0.0,0.0,0.0,0.0,0.0,0.0,0.0,0.0,0.0,1.0,0.0,0.0,0.0,0.0,,0.0,0.0,0.0,1.0,3.0,0.0,0.0,0.0,0.0,4,unknown,G76
DEMO_A,Klebsiella pneumoniae,FICTIONAL_A,2024-06-01,P38,,Homo sapiens,unknown,unknown,synthetic_fixture,SYNTH_00077,0,S,EUCAST,SYNTHETIC_ONLY,0.0,0.0,0.0,0.0,0.0,0.0,0.0,0.0,0.0,0.0,1.0,0.0,0.0,0.0,0.0,0.0,0.0,0.0,0.0,0.0,1.0,0.0,0.0,0.0,0.0,5,unknown,G76
DEMO_A,Escherichia coli,FICTIONAL_A,2024-07-01,P39,,Homo sapiens,positive,unknown,synthetic_fixture,SYNTH_00078,1,R,EUCAST,SYNTHETIC_ONLY,-2.0,0.0,0.0,0.0,0.0,0.0,0.0,0.0,0.0,0.0,1.0,0.0,0.0,0.0,0.0,1.0,0.0,0.0,0.0,0.0,1.0,0.0,0.0,0.0,0.0,5,NDM_positive_other_unknown,G78
DEMO_A,Klebsiella pneumoniae,FICTIONAL_A,2024-08-01,P39,,Homo sapiens,unknown,unknown,synthetic_fixture,SYNTH_00079,0,S,EUCAST,SYNTHETIC_ONLY,0.0,0.0,0.0,0.0,0.0,0.0,0.0,0.0,0.0,0.0,0.0,0.0,0.0,0.0,0.0,1.0,0.0,0.0,0.0,0.0,2.0,0.0,0.0,0.0,0.0,5,unknown,G78
DEMO_A,Escherichia coli,FICTIONAL_A,2024-09-01,P40,,Homo sapiens,unknown,positive,synthetic_fixture,SYNTH_00080,0,S,EUCAST,SYNTHETIC_ONLY,-1.0,0.0,0.0,0.0,0.0,1.0,0.0,0.0,0.0,0.0,2.0,0.0,0.0,0.0,0.0,2.0,0.0,0.0,0.0,0.0,1.0,0.0,0.0,0.0,0.0,5,OXA48_positive_other_unknown,G80
DEMO_A,Klebsiella pneumoniae,FICTIONAL_A,2024-10-01,P40,,Homo sapiens,positive,unknown,synthetic_fixture,SYNTH_00081,0,S,EUCAST,SYNTHETIC_ONLY,-1.0,0.0,0.0,0.0,0.0,0.0,0.0,0.0,0.0,0.0,0.0,0.0,0.0,0.0,0.0,1.0,0.0,0.0,0.0,0.0,3.0,0.0,0.0,0.0,0.0,5,NDM_positive_other_unknown,G80
DEMO_A,Escherichia coli,FICTIONAL_A,2024-11-01,P41,,Homo sapiens,unknown,unknown,synthetic_fixture,SYNTH_00082,1,R,EUCAST,SYNTHETIC_ONLY,0.0,0.0,0.0,0.0,0.0,3.0,0.0,0.0,0.0,0.0,3.0,0.0,0.0,0.0,0.0,3.0,0.0,0.0,0.0,0.0,3.0,0.0,0.0,0.0,0.0,5,unknown,G82
DEMO_A,Klebsiella pneumoniae,FICTIONAL_A,2024-12-01,P41,,Homo sapiens,unknown,unknown,synthetic_fixture,SYNTH_00083,0,S,EUCAST,SYNTHETIC_ONLY,0.0,0.0,0.0,0.0,0.0,-2.0,0.0,0.0,0.0,0.0,1.0,0.0,0.0,0.0,0.0,1.0,0.0,0.0,0.0,0.0,1.0,0.0,0.0,0.0,0.0,5,unknown,G82
DEMO_A,Escherichia coli,FICTIONAL_A,2024-01-01,P42,,Homo sapiens,positive,unknown,synthetic_fixture,SYNTH_00084,1,R,EUCAST,SYNTHETIC_ONLY,4.0,0.0,0.0,0.0,0.0,2.0,0.0,0.0,0.0,0.0,3.0,0.0,0.0,0.0,0.0,3.0,0.0,0.0,0.0,0.0,,0.0,0.0,0.0,1.0,4,NDM_positive_other_unknown,G84
DEMO_A,Klebsiella pneumoniae,FICTIONAL_A,2024-02-01,P42,,Homo sapiens,unknown,positive,synthetic_fixture,SYNTH_00085,1,R,EUCAST,SYNTHETIC_ONLY,1.0,0.0,0.0,0.0,0.0,2.0,0.0,0.0,0.0,0.0,1.0,0.0,0.0,0.0,0.0,2.0,0.0,0.0,0.0,0.0,3.0,0.0,0.0,0.0,0.0,5,OXA48_positive_other_unknown,G84
DEMO_A,Escherichia coli,FICTIONAL_A,2024-03-01,P43,,Homo sapiens,unknown,unknown,synthetic_fixture,SYNTH_00086,0,S,EUCAST,SYNTHETIC_ONLY,1.0,0.0,0.0,0.0,0.0,2.0,0.0,0.0,0.0,0.0,2.0,0.0,0.0,0.0,0.0,2.0,0.0,0.0,0.0,0.0,2.0,0.0,0.0,0.0,0.0,5,unknown,G86
DEMO_A,Klebsiella pneumoniae,FICTIONAL_A,2024-04-01,P43,,Homo sapiens,positive,unknown,synthetic_fixture,SYNTH_00087,1,R,EUCAST,SYNTHETIC_ONLY,2.0,0.0,0.0,0.0,0.0,2.0,0.0,0.0,0.0,0.0,2.0,0.0,0.0,0.0,0.0,3.0,0.0,0.0,0.0,0.0,2.0,0.0,0.0,0.0,0.0,5,NDM_positive_other_unknown,G86
DEMO_A,Escherichia coli,FICTIONAL_A,2024-05-01,P44,,Homo sapiens,unknown,unknown,synthetic_fixture,SYNTH_00088,0,S,EUCAST,SYNTHETIC_ONLY,0.0,0.0,0.0,0.0,0.0,0.0,0.0,0.0,0.0,0.0,1.0,0.0,0.0,0.0,0.0,3.0,0.0,0.0,0.0,0.0,0.0,0.0,0.0,0.0,0.0,5,unknown,G88
DEMO_A,Klebsiella pneumoniae,FICTIONAL_A,2024-06-01,P44,,Homo sapiens,unknown,unknown,synthetic_fixture,SYNTH_00089,0,S,EUCAST,SYNTHETIC_ONLY,-1.0,0.0,0.0,0.0,0.0,0.0,0.0,0.0,0.0,0.0,0.0,0.0,0.0,0.0,0.0,1.0,0.0,0.0,0.0,0.0,1.0,0.0,0.0,0.0,0.0,5,unknown,G88
DEMO_A,Escherichia coli,FICTIONAL_A,2024-07-01,P45,,Homo sapiens,positive,positive,synthetic_fixture,SYNTH_00090,0,S,EUCAST,SYNTHETIC_ONLY,-1.0,0.0,0.0,0.0,0.0,-1.0,0.0,0.0,0.0,0.0,0.0,0.0,0.0,0.0,0.0,0.0,0.0,0.0,0.0,0.0,0.0,0.0,0.0,0.0,0.0,5,co_producer,G90
DEMO_A,Klebsiella pneumoniae,FICTIONAL_A,2024-08-01,P45,,Homo sapiens,unknown,unknown,synthetic_fixture,SYNTH_00091,1,R,EUCAST,SYNTHETIC_ONLY,2.0,0.0,0.0,0.0,0.0,1.0,0.0,0.0,0.0,0.0,1.0,0.0,0.0,0.0,0.0,3.0,0.0,0.0,0.0,0.0,3.0,0.0,0.0,0.0,0.0,5,unknown,G90
DEMO_A,Escherichia coli,FICTIONAL_A,2024-09-01,P46,,Homo sapiens,unknown,unknown,synthetic_fixture,SYNTH_00092,0,S,EUCAST,SYNTHETIC_ONLY,1.0,0.0,0.0,0.0,0.0,1.0,0.0,0.0,0.0,0.0,0.0,0.0,0.0,0.0,0.0,1.0,0.0,0.0,0.0,0.0,3.0,0.0,0.0,0.0,0.0,5,unknown,G92
DEMO_A,Klebsiella pneumoniae,FICTIONAL_A,2024-10-01,P46,,Homo sapiens,positive,unknown,synthetic_fixture,SYNTH_00093,1,R,EUCAST,SYNTHETIC_ONLY,-1.0,0.0,0.0,0.0,0.0,1.0,0.0,0.0,0.0,0.0,1.0,0.0,0.0,0.0,0.0,0.0,0.0,0.0,0.0,0.0,0.0,0.0,0.0,0.0,0.0,5,NDM_positive_other_unknown,G92
DEMO_A,Escherichia coli,FICTIONAL_A,2024-11-01,P47,,Homo sapiens,unknown,unknown,synthetic_fixture,SYNTH_00094,0,S,EUCAST,SYNTHETIC_ONLY,2.0,0.0,0.0,0.0,0.0,1.0,0.0,0.0,0.0,0.0,,0.0,0.0,0.0,1.0,1.0,0.0,0.0,0.0,0.0,2.0,0.0,0.0,0.0,0.0,4,unknown,G94
DEMO_A,Klebsiella pneumoniae,FICTIONAL_A,2024-12-01,P47,,Homo sapiens,unknown,positive,synthetic_fixture,SYNTH_00095,0,S,EUCAST,SYNTHETIC_ONLY,0.0,0.0,0.0,0.0,0.0,0.0,0.0,0.0,0.0,0.0,1.0,0.0,0.0,0.0,0.0,1.0,0.0,0.0,0.0,0.0,2.0,0.0,0.0,0.0,0.0,5,OXA48_positive_other_unknown,G94
DEMO_A,Escherichia coli,FICTIONAL_A,2024-01-01,P48,,Homo sapiens,positive,unknown,synthetic_fixture,SYNTH_00096,1,R,EUCAST,SYNTHETIC_ONLY,3.0,0.0,0.0,0.0,0.0,3.0,0.0,0.0,0.0,0.0,,0.0,0.0,0.0,1.0,2.0,0.0,0.0,0.0,0.0,2.0,0.0,0.0,0.0,0.0,4,NDM_positive_other_unknown,G96
DEMO_A,Klebsiella pneumoniae,FICTIONAL_A,2024-02-01,P48,,Homo sapiens,unknown,unknown,synthetic_fixture,SYNTH_00097,0,S,EUCAST,SYNTHETIC_ONLY,1.0,0.0,0.0,0.0,0.0,-1.0,0.0,0.0,0.0,0.0,0.0,0.0,0.0,0.0,0.0,2.0,0.0,0.0,0.0,0.0,2.0,0.0,0.0,0.0,0.0,5,unknown,G96
DEMO_A,Escherichia coli,FICTIONAL_A,2024-03-01,P49,,Homo sapiens,unknown,unknown,synthetic_fixture,SYNTH_00098,0,S,EUCAST,SYNTHETIC_ONLY,,0.0,0.0,0.0,1.0,-1.0,0.0,0.0,0.0,0.0,,0.0,0.0,0.0,1.0,3.0,0.0,0.0,0.0,0.0,1.0,0.0,0.0,0.0,0.0,3,unknown,G98
DEMO_A,Klebsiella pneumoniae,FICTIONAL_A,2024-04-01,P49,,Homo sapiens,positive,unknown,synthetic_fixture,SYNTH_00099,0,S,EUCAST,SYNTHETIC_ONLY,-3.0,0.0,0.0,0.0,0.0,,0.0,0.0,0.0,1.0,1.0,0.0,0.0,0.0,0.0,0.0,0.0,0.0,0.0,0.0,1.0,0.0,0.0,0.0,0.0,4,NDM_positive_other_unknown,G98
DEMO_A,Escherichia coli,FICTIONAL_A,2024-05-01,P50,,Homo sapiens,unknown,positive,synthetic_fixture,SYNTH_00100,0,S,EUCAST,SYNTHETIC_ONLY,1.0,0.0,0.0,0.0,0.0,3.0,0.0,0.0,0.0,0.0,,0.0,0.0,0.0,1.0,4.0,0.0,0.0,0.0,0.0,3.0,0.0,0.0,0.0,0.0,4,OXA48_positive_other_unknown,G100
DEMO_A,Klebsiella pneumoniae,FICTIONAL_A,2024-06-01,P50,,Homo sapiens,unknown,unknown,synthetic_fixture,SYNTH_00101,1,R,EUCAST,SYNTHETIC_ONLY,2.0,0.0,0.0,0.0,0.0,1.0,0.0,0.0,0.0,0.0,-1.0,0.0,0.0,0.0,0.0,1.0,0.0,0.0,0.0,0.0,2.0,0.0,0.0,0.0,0.0,5,unknown,G100
DEMO_A,Escherichia coli,FICTIONAL_A,2024-07-01,P51,,Homo sapiens,positive,unknown,synthetic_fixture,SYNTH_00102,0,S,EUCAST,SYNTHETIC_ONLY,1.0,0.0,0.0,0.0,0.0,-1.0,0.0,0.0,0.0,0.0,,0.0,0.0,0.0,1.0,-1.0,0.0,0.0,0.0,0.0,0.0,0.0,0.0,0.0,0.0,4,NDM_positive_other_unknown,G102
DEMO_A,Klebsiella pneumoniae,FICTIONAL_A,2024-08-01,P51,,Homo sapiens,unknown,unknown,synthetic_fixture,SYNTH_00103,0,S,EUCAST,SYNTHETIC_ONLY,0.0,0.0,0.0,0.0,0.0,1.0,0.0,0.0,0.0,0.0,2.0,0.0,0.0,0.0,0.0,2.0,0.0,0.0,0.0,0.0,,0.0,0.0,0.0,1.0,4,unknown,G102
DEMO_A,Escherichia coli,FICTIONAL_A,2024-09-01,P52,,Homo sapiens,unknown,unknown,synthetic_fixture,SYNTH_00104,0,S,EUCAST,SYNTHETIC_ONLY,-1.0,0.0,0.0,0.0,0.0,1.0,0.0,0.0,0.0,0.0,0.0,0.0,0.0,0.0,0.0,,0.0,0.0,0.0,1.0,3.0,0.0,0.0,0.0,0.0,4,unknown,G104
DEMO_A,Klebsiella pneumoniae,FICTIONAL_A,2024-10-01,P52,,Homo sapiens,positive,positive,synthetic_fixture,SYNTH_00105,0,S,EUCAST,SYNTHETIC_ONLY,-2.0,0.0,0.0,0.0,0.0,-1.0,0.0,0.0,0.0,0.0,0.0,0.0,0.0,0.0,0.0,0.0,0.0,0.0,0.0,0.0,0.0,0.0,0.0,0.0,0.0,5,co_producer,G104
DEMO_A,Escherichia coli,FICTIONAL_A,2024-11-01,P53,,Homo sapiens,unknown,unknown,synthetic_fixture,SYNTH_00106,1,R,EUCAST,SYNTHETIC_ONLY,2.0,0.0,0.0,0.0,0.0,2.0,0.0,0.0,0.0,0.0,,0.0,0.0,0.0,1.0,1.0,0.0,0.0,0.0,0.0,2.0,0.0,0.0,0.0,0.0,4,unknown,G106
DEMO_A,Klebsiella pneumoniae,FICTIONAL_A,2024-12-01,P53,,Homo sapiens,unknown,unknown,synthetic_fixture,SYNTH_00107,1,R,EUCAST,SYNTHETIC_ONLY,2.0,0.0,0.0,0.0,0.0,1.0,0.0,0.0,0.0,0.0,3.0,0.0,0.0,0.0,0.0,3.0,0.0,0.0,0.0,0.0,2.0,0.0,0.0,0.0,0.0,5,unknown,G106
DEMO_A,Escherichia coli,FICTIONAL_A,2024-01-01,P54,,Homo sapiens,positive,unknown,synthetic_fixture,SYNTH_00108,0,S,EUCAST,SYNTHETIC_ONLY,-3.0,0.0,0.0,0.0,0.0,0.0,0.0,0.0,0.0,0.0,0.0,0.0,0.0,0.0,0.0,1.0,0.0,0.0,0.0,0.0,3.0,0.0,0.0,0.0,0.0,5,NDM_positive_other_unknown,G108
DEMO_A,Klebsiella pneumoniae,FICTIONAL_A,2024-02-01,P54,,Homo sapiens,unknown,unknown,synthetic_fixture,SYNTH_00109,1,R,EUCAST,SYNTHETIC_ONLY,0.0,0.0,0.0,0.0,0.0,-1.0,0.0,0.0,0.0,0.0,0.0,0.0,0.0,0.0,0.0,2.0,0.0,0.0,0.0,0.0,1.0,0.0,0.0,0.0,0.0,5,unknown,G108
DEMO_A,Escherichia coli,FICTIONAL_A,2024-03-01,P55,,Homo sapiens,unknown,positive,synthetic_fixture,SYNTH_00110,0,S,EUCAST,SYNTHETIC_ONLY,1.0,0.0,0.0,0.0,0.0,3.0,0.0,0.0,0.0,0.0,2.0,0.0,0.0,0.0,0.0,3.0,0.0,0.0,0.0,0.0,2.0,0.0,0.0,0.0,0.0,5,OXA48_positive_other_unknown,G110
DEMO_A,Klebsiella pneumoniae,FICTIONAL_A,2024-04-01,P55,,Homo sapiens,positive,unknown,synthetic_fixture,SYNTH_00111,0,S,EUCAST,SYNTHETIC_ONLY,1.0,0.0,0.0,0.0,0.0,2.0,0.0,0.0,0.0,0.0,1.0,0.0,0.0,0.0,0.0,1.0,0.0,0.0,0.0,0.0,,0.0,0.0,0.0,1.0,4,NDM_positive_other_unknown,G110
DEMO_A,Escherichia coli,FICTIONAL_A,2024-05-01,P56,,Homo sapiens,unknown,unknown,synthetic_fixture,SYNTH_00112,1,R,EUCAST,SYNTHETIC_ONLY,-1.0,0.0,0.0,0.0,0.0,-2.0,0.0,0.0,0.0,0.0,1.0,0.0,0.0,0.0,0.0,,0.0,0.0,0.0,1.0,0.0,0.0,0.0,0.0,0.0,4,unknown,G112
DEMO_A,Klebsiella pneumoniae,FICTIONAL_A,2024-06-01,P56,,Homo sapiens,unknown,unknown,synthetic_fixture,SYNTH_00113,1,R,EUCAST,SYNTHETIC_ONLY,0.0,0.0,0.0,0.0,0.0,0.0,0.0,0.0,0.0,0.0,1.0,0.0,0.0,0.0,0.0,0.0,0.0,0.0,0.0,0.0,1.0,0.0,0.0,0.0,0.0,5,unknown,G112
DEMO_A,Escherichia coli,FICTIONAL_A,2024-07-01,P57,,Homo sapiens,positive,unknown,synthetic_fixture,SYNTH_00114,0,S,EUCAST,SYNTHETIC_ONLY,-4.0,0.0,0.0,0.0,0.0,0.0,0.0,0.0,0.0,0.0,-2.0,0.0,0.0,0.0,0.0,2.0,0.0,0.0,0.0,0.0,1.0,0.0,0.0,0.0,0.0,5,NDM_positive_other_unknown,G114
DEMO_A,Klebsiella pneumoniae,FICTIONAL_A,2024-08-01,P57,,Homo sapiens,unknown,positive,synthetic_fixture,SYNTH_00115,0,S,EUCAST,SYNTHETIC_ONLY,-1.0,0.0,0.0,0.0,0.0,1.0,0.0,0.0,0.0,0.0,,0.0,0.0,0.0,1.0,-1.0,0.0,0.0,0.0,0.0,1.0,0.0,0.0,0.0,0.0,4,OXA48_positive_other_unknown,G114
DEMO_A,Escherichia coli,FICTIONAL_A,2024-09-01,P58,,Homo sapiens,unknown,unknown,synthetic_fixture,SYNTH_00116,0,S,EUCAST,SYNTHETIC_ONLY,0.0,0.0,0.0,0.0,0.0,0.0,0.0,0.0,0.0,0.0,0.0,0.0,0.0,0.0,0.0,-1.0,0.0,0.0,0.0,0.0,,0.0,0.0,0.0,1.0,4,unknown,G116
DEMO_A,Klebsiella pneumoniae,FICTIONAL_A,2024-10-01,P58,,Homo sapiens,positive,unknown,synthetic_fixture,SYNTH_00117,1,R,EUCAST,SYNTHETIC_ONLY,3.0,0.0,0.0,0.0,0.0,,0.0,0.0,0.0,1.0,4.0,0.0,0.0,0.0,0.0,1.0,0.0,0.0,0.0,0.0,3.0,0.0,0.0,0.0,0.0,4,NDM_positive_other_unknown,G116
DEMO_A,Escherichia coli,FICTIONAL_A,2024-11-01,P59,,Homo sapiens,unknown,unknown,synthetic_fixture,SYNTH_00118,0,S,EUCAST,SYNTHETIC_ONLY,0.0,0.0,0.0,0.0,0.0,1.0,0.0,0.0,0.0,0.0,0.0,0.0,0.0,0.0,0.0,0.0,0.0,0.0,0.0,0.0,2.0,0.0,0.0,0.0,0.0,5,unknown,G118
DEMO_A,Klebsiella pneumoniae,FICTIONAL_A,2024-12-01,P59,,Homo sapiens,unknown,unknown,synthetic_fixture,SYNTH_00119,1,R,EUCAST,SYNTHETIC_ONLY,1.0,0.0,0.0,0.0,0.0,2.0,0.0,0.0,0.0,0.0,3.0,0.0,0.0,0.0,0.0,4.0,0.0,0.0,0.0,0.0,4.0,0.0,0.0,0.0,0.0,5,unknown,G118
DEMO_A,Escherichia coli,FICTIONAL_A,2024-01-01,P60,,Homo sapiens,positive,positive,synthetic_fixture,SYNTH_00120,0,S,EUCAST,SYNTHETIC_ONLY,0.0,0.0,0.0,0.0,0.0,0.0,0.0,0.0,0.0,0.0,-2.0,0.0,0.0,0.0,0.0,1.0,0.0,0.0,0.0,0.0,2.0,0.0,0.0,0.0,0.0,5,co_producer,G120
DEMO_A,Klebsiella pneumoniae,FICTIONAL_A,2024-02-01,P60,,Homo sapiens,unknown,unknown,synthetic_fixture,SYNTH_00121,1,R,EUCAST,SYNTHETIC_ONLY,-3.0,0.0,0.0,0.0,0.0,1.0,0.0,0.0,0.0,0.0,1.0,0.0,0.0,0.0,0.0,,0.0,0.0,0.0,1.0,,0.0,0.0,0.0,1.0,3,unknown,G120
DEMO_A,Escherichia coli,FICTIONAL_A,2024-03-01,P61,,Homo sapiens,unknown,unknown,synthetic_fixture,SYNTH_00122,0,S,EUCAST,SYNTHETIC_ONLY,2.0,0.0,0.0,0.0,0.0,,0.0,0.0,0.0,1.0,-1.0,0.0,0.0,0.0,0.0,2.0,0.0,0.0,0.0,0.0,3.0,0.0,0.0,0.0,0.0,4,unknown,G122
DEMO_A,Klebsiella pneumoniae,FICTIONAL_A,2024-04-01,P61,,Homo sapiens,positive,unknown,synthetic_fixture,SYNTH_00123,0,S,EUCAST,SYNTHETIC_ONLY,,0.0,0.0,0.0,1.0,-1.0,0.0,0.0,0.0,0.0,1.0,0.0,0.0,0.0,0.0,1.0,0.0,0.0,0.0,0.0,2.0,0.0,0.0,0.0,0.0,4,NDM_positive_other_unknown,G122
DEMO_A,Escherichia coli,FICTIONAL_A,2024-05-01,P62,,Homo sapiens,unknown,unknown,synthetic_fixture,SYNTH_00124,1,R,EUCAST,SYNTHETIC_ONLY,1.0,0.0,0.0,0.0,0.0,-1.0,0.0,0.0,0.0,0.0,2.0,0.0,0.0,0.0,0.0,1.0,0.0,0.0,0.0,0.0,2.0,0.0,0.0,0.0,0.0,5,unknown,G124
DEMO_A,Klebsiella pneumoniae,FICTIONAL_A,2024-06-01,P62,,Homo sapiens,unknown,positive,synthetic_fixture,SYNTH_00125,1,R,EUCAST,SYNTHETIC_ONLY,-1.0,0.0,0.0,0.0,0.0,2.0,0.0,0.0,0.0,0.0,2.0,0.0,0.0,0.0,0.0,1.0,0.0,0.0,0.0,0.0,1.0,0.0,0.0,0.0,0.0,5,OXA48_positive_other_unknown,G124
DEMO_A,Escherichia coli,FICTIONAL_A,2024-07-01,P63,,Homo sapiens,positive,unknown,synthetic_fixture,SYNTH_00126,1,R,EUCAST,SYNTHETIC_ONLY,-3.0,0.0,0.0,0.0,0.0,2.0,0.0,0.0,0.0,0.0,2.0,0.0,0.0,0.0,0.0,3.0,0.0,0.0,0.0,0.0,2.0,0.0,0.0,0.0,0.0,5,NDM_positive_other_unknown,G126
DEMO_A,Klebsiella pneumoniae,FICTIONAL_A,2024-08-01,P63,,Homo sapiens,unknown,unknown,synthetic_fixture,SYNTH_00127,1,R,EUCAST,SYNTHETIC_ONLY,2.0,0.0,0.0,0.0,0.0,,0.0,0.0,0.0,1.0,3.0,0.0,0.0,0.0,0.0,5.0,0.0,0.0,0.0,0.0,6.0,0.0,0.0,0.0,0.0,4,unknown,G126
DEMO_A,Escherichia coli,FICTIONAL_A,2024-09-01,P64,,Homo sapiens,unknown,unknown,synthetic_fixture,SYNTH_00128,1,R,EUCAST,SYNTHETIC_ONLY,1.0,0.0,0.0,0.0,0.0,0.0,0.0,0.0,0.0,0.0,2.0,0.0,0.0,0.0,0.0,0.0,0.0,0.0,0.0,0.0,1.0,0.0,0.0,0.0,0.0,5,unknown,G128
DEMO_A,Klebsiella pneumoniae,FICTIONAL_A,2024-10-01,P64,,Homo sapiens,positive,unknown,synthetic_fixture,SYNTH_00129,0,S,EUCAST,SYNTHETIC_ONLY,-2.0,0.0,0.0,0.0,0.0,-1.0,0.0,0.0,0.0,0.0,2.0,0.0,0.0,0.0,0.0,0.0,0.0,0.0,0.0,0.0,1.0,0.0,0.0,0.0,0.0,5,NDM_positive_other_unknown,G128
DEMO_A,Escherichia coli,FICTIONAL_A,2024-11-01,P65,,Homo sapiens,unknown,positive,synthetic_fixture,SYNTH_00130,1,R,EUCAST,SYNTHETIC_ONLY,1.0,0.0,0.0,0.0,0.0,2.0,0.0,0.0,0.0,0.0,2.0,0.0,0.0,0.0,0.0,1.0,0.0,0.0,0.0,0.0,2.0,0.0,0.0,0.0,0.0,5,OXA48_positive_other_unknown,G130
DEMO_A,Klebsiella pneumoniae,FICTIONAL_A,2024-12-01,P65,,Homo sapiens,unknown,unknown,synthetic_fixture,SYNTH_00131,0,S,EUCAST,SYNTHETIC_ONLY,-1.0,0.0,0.0,0.0,0.0,0.0,0.0,0.0,0.0,0.0,0.0,0.0,0.0,0.0,0.0,2.0,0.0,0.0,0.0,0.0,1.0,0.0,0.0,0.0,0.0,5,unknown,G130
DEMO_A,Escherichia coli,FICTIONAL_A,2024-01-01,P66,,Homo sapiens,positive,unknown,synthetic_fixture,SYNTH_00132,0,S,EUCAST,SYNTHETIC_ONLY,2.0,0.0,0.0,0.0,0.0,1.0,0.0,0.0,0.0,0.0,2.0,0.0,0.0,0.0,0.0,0.0,0.0,0.0,0.0,0.0,2.0,0.0,0.0,0.0,0.0,5,NDM_positive_other_unknown,G132
DEMO_A,Klebsiella pneumoniae,FICTIONAL_A,2024-02-01,P66,,Homo sapiens,unknown,unknown,synthetic_fixture,SYNTH_00133,1,R,EUCAST,SYNTHETIC_ONLY,0.0,0.0,0.0,0.0,0.0,1.0,0.0,0.0,0.0,0.0,2.0,0.0,0.0,0.0,0.0,4.0,0.0,0.0,0.0,0.0,,0.0,0.0,0.0,1.0,4,unknown,G132
DEMO_A,Escherichia coli,FICTIONAL_A,2024-03-01,P67,,Homo sapiens,unknown,unknown,synthetic_fixture,SYNTH_00134,0,S,EUCAST,SYNTHETIC_ONLY,-2.0,0.0,0.0,0.0,0.0,-3.0,0.0,0.0,0.0,0.0,-2.0,0.0,0.0,0.0,0.0,-2.0,0.0,0.0,0.0,0.0,2.0,0.0,0.0,0.0,0.0,5,unknown,G134
DEMO_A,Klebsiella pneumoniae,FICTIONAL_A,2024-04-01,P67,,Homo sapiens,positive,positive,synthetic_fixture,SYNTH_00135,1,R,EUCAST,SYNTHETIC_ONLY,0.0,0.0,0.0,0.0,0.0,0.0,0.0,0.0,0.0,0.0,0.0,0.0,0.0,0.0,0.0,2.0,0.0,0.0,0.0,0.0,1.0,0.0,0.0,0.0,0.0,5,co_producer,G134
DEMO_A,Escherichia coli,FICTIONAL_A,2024-05-01,P68,,Homo sapiens,unknown,unknown,synthetic_fixture,SYNTH_00136,0,S,EUCAST,SYNTHETIC_ONLY,-1.0,0.0,0.0,0.0,0.0,1.0,0.0,0.0,0.0,0.0,0.0,0.0,0.0,0.0,0.0,1.0,0.0,0.0,0.0,0.0,1.0,0.0,0.0,0.0,0.0,5,unknown,G136
DEMO_A,Klebsiella pneumoniae,FICTIONAL_A,2024-06-01,P68,,Homo sapiens,unknown,unknown,synthetic_fixture,SYNTH_00137,0,S,EUCAST,SYNTHETIC_ONLY,-1.0,0.0,0.0,0.0,0.0,-2.0,0.0,0.0,0.0,0.0,0.0,0.0,0.0,0.0,0.0,1.0,0.0,0.0,0.0,0.0,0.0,0.0,0.0,0.0,0.0,5,unknown,G136
DEMO_A,Escherichia coli,FICTIONAL_A,2024-07-01,P69,,Homo sapiens,positive,unknown,synthetic_fixture,SYNTH_00138,1,R,EUCAST,SYNTHETIC_ONLY,0.0,0.0,0.0,0.0,0.0,0.0,0.0,0.0,0.0,0.0,0.0,0.0,0.0,0.0,0.0,0.0,0.0,0.0,0.0,0.0,3.0,0.0,0.0,0.0,0.0,5,NDM_positive_other_unknown,G138
DEMO_A,Klebsiella pneumoniae,FICTIONAL_A,2024-08-01,P69,,Homo sapiens,unknown,unknown,synthetic_fixture,SYNTH_00139,0,S,EUCAST,SYNTHETIC_ONLY,-2.0,0.0,0.0,0.0,0.0,-1.0,0.0,0.0,0.0,0.0,1.0,0.0,0.0,0.0,0.0,1.0,0.0,0.0,0.0,0.0,0.0,0.0,0.0,0.0,0.0,5,unknown,G138
DEMO_A,Escherichia coli,FICTIONAL_A,2024-09-01,P70,,Homo sapiens,unknown,positive,synthetic_fixture,SYNTH_00140,1,R,EUCAST,SYNTHETIC_ONLY,-1.0,0.0,0.0,0.0,0.0,2.0,0.0,0.0,0.0,0.0,1.0,0.0,0.0,0.0,0.0,1.0,0.0,0.0,0.0,0.0,2.0,0.0,0.0,0.0,0.0,5,OXA48_positive_other_unknown,G140
DEMO_A,Klebsiella pneumoniae,FICTIONAL_A,2024-10-01,P70,,Homo sapiens,positive,unknown,synthetic_fixture,SYNTH_00141,0,S,EUCAST,SYNTHETIC_ONLY,0.0,0.0,0.0,0.0,0.0,-1.0,0.0,0.0,0.0,0.0,0.0,0.0,0.0,0.0,0.0,2.0,0.0,0.0,0.0,0.0,3.0,0.0,0.0,0.0,0.0,5,NDM_positive_other_unknown,G140
DEMO_A,Escherichia coli,FICTIONAL_A,2024-11-01,P71,,Homo sapiens,unknown,unknown,synthetic_fixture,SYNTH_00142,1,R,EUCAST,SYNTHETIC_ONLY,2.0,0.0,0.0,0.0,0.0,,0.0,0.0,0.0,1.0,0.0,0.0,0.0,0.0,0.0,2.0,0.0,0.0,0.0,0.0,2.0,0.0,0.0,0.0,0.0,4,unknown,G142
DEMO_A,Klebsiella pneumoniae,FICTIONAL_A,2024-12-01,P71,,Homo sapiens,unknown,unknown,synthetic_fixture,SYNTH_00143,0,S,EUCAST,SYNTHETIC_ONLY,1.0,0.0,0.0,0.0,0.0,0.0,0.0,0.0,0.0,0.0,-1.0,0.0,0.0,0.0,0.0,1.0,0.0,0.0,0.0,0.0,3.0,0.0,0.0,0.0,0.0,5,unknown,G142
DEMO_A,Escherichia coli,FICTIONAL_A,2024-01-01,P72,,Homo sapiens,positive,unknown,synthetic_fixture,SYNTH_00144,1,R,EUCAST,SYNTHETIC_ONLY,1.0,0.0,0.0,0.0,0.0,2.0,0.0,0.0,0.0,0.0,2.0,0.0,0.0,0.0,0.0,3.0,0.0,0.0,0.0,0.0,3.0,0.0,0.0,0.0,0.0,5,NDM_positive_other_unknown,G144
DEMO_A,Klebsiella pneumoniae,FICTIONAL_A,2024-02-01,P72,,Homo sapiens,unknown,positive,synthetic_fixture,SYNTH_00145,1,R,EUCAST,SYNTHETIC_ONLY,0.0,0.0,0.0,0.0,0.0,2.0,0.0,0.0,0.0,0.0,,0.0,0.0,0.0,1.0,2.0,0.0,0.0,0.0,0.0,1.0,0.0,0.0,0.0,0.0,4,OXA48_positive_other_unknown,G144
DEMO_A,Escherichia coli,FICTIONAL_A,2024-03-01,P73,,Homo sapiens,unknown,unknown,synthetic_fixture,SYNTH_00146,0,S,EUCAST,SYNTHETIC_ONLY,0.0,0.0,0.0,0.0,0.0,-1.0,0.0,0.0,0.0,0.0,1.0,0.0,0.0,0.0,0.0,1.0,0.0,0.0,0.0,0.0,1.0,0.0,0.0,0.0,0.0,5,unknown,G146
DEMO_A,Escherichia coli,FICTIONAL_A,2024-05-01,P74,,Homo sapiens,unknown,unknown,synthetic_fixture,SYNTH_00148,0,S,EUCAST,SYNTHETIC_ONLY,-1.0,0.0,0.0,0.0,0.0,-1.0,0.0,0.0,0.0,0.0,2.0,0.0,0.0,0.0,0.0,1.0,0.0,0.0,0.0,0.0,1.0,0.0,0.0,0.0,0.0,5,unknown,G147
DEMO_A,Klebsiella pneumoniae,FICTIONAL_A,2024-06-01,P74,,Homo sapiens,unknown,unknown,synthetic_fixture,SYNTH_00149,0,S,EUCAST,SYNTHETIC_ONLY,2.0,0.0,0.0,0.0,0.0,1.0,0.0,0.0,0.0,0.0,1.0,0.0,0.0,0.0,0.0,-1.0,0.0,0.0,0.0,0.0,2.0,0.0,0.0,0.0,0.0,5,unknown,G147
DEMO_A,Escherichia coli,FICTIONAL_A,2024-07-01,P75,,Homo sapiens,positive,positive,synthetic_fixture,SYNTH_00150,0,S,EUCAST,SYNTHETIC_ONLY,-2.0,0.0,0.0,0.0,0.0,-2.0,0.0,0.0,0.0,0.0,,0.0,0.0,0.0,1.0,0.0,0.0,0.0,0.0,0.0,3.0,0.0,0.0,0.0,0.0,4,co_producer,G149
DEMO_A,Klebsiella pneumoniae,FICTIONAL_A,2024-08-01,P75,,Homo sapiens,unknown,unknown,synthetic_fixture,SYNTH_00151,0,S,EUCAST,SYNTHETIC_ONLY,0.0,0.0,0.0,0.0,0.0,0.0,0.0,0.0,0.0,0.0,1.0,0.0,0.0,0.0,0.0,1.0,0.0,0.0,0.0,0.0,1.0,0.0,0.0,0.0,0.0,5,unknown,G149
DEMO_A,Escherichia coli,FICTIONAL_A,2024-09-01,P76,,Homo sapiens,unknown,unknown,synthetic_fixture,SYNTH_00152,0,S,EUCAST,SYNTHETIC_ONLY,-1.0,0.0,0.0,0.0,0.0,1.0,0.0,0.0,0.0,0.0,2.0,0.0,0.0,0.0,0.0,1.0,0.0,0.0,0.0,0.0,1.0,0.0,0.0,0.0,0.0,5,unknown,G151
DEMO_A,Klebsiella pneumoniae,FICTIONAL_A,2024-10-01,P76,,Homo sapiens,positive,unknown,synthetic_fixture,SYNTH_00153,1,R,EUCAST,SYNTHETIC_ONLY,0.0,0.0,0.0,0.0,0.0,2.0,0.0,0.0,0.0,0.0,3.0,0.0,0.0,0.0,0.0,1.0,0.0,0.0,0.0,0.0,1.0,0.0,0.0,0.0,0.0,5,NDM_positive_other_unknown,G151
DEMO_A,Escherichia coli,FICTIONAL_A,2024-11-01,P77,,Homo sapiens,unknown,unknown,synthetic_fixture,SYNTH_00154,0,S,EUCAST,SYNTHETIC_ONLY,,0.0,0.0,0.0,1.0,0.0,0.0,0.0,0.0,0.0,,0.0,0.0,0.0,1.0,0.0,0.0,0.0,0.0,0.0,1.0,0.0,0.0,0.0,0.0,3,unknown,G153
DEMO_A,Klebsiella pneumoniae,FICTIONAL_A,2024-12-01,P77,,Homo sapiens,unknown,positive,synthetic_fixture,SYNTH_00155,0,S,EUCAST,SYNTHETIC_ONLY,1.0,0.0,0.0,0.0,0.0,-1.0,0.0,0.0,0.0,0.0,0.0,0.0,0.0,0.0,0.0,2.0,0.0,0.0,0.0,0.0,0.0,0.0,0.0,0.0,0.0,5,OXA48_positive_other_unknown,G153
DEMO_A,Escherichia coli,FICTIONAL_A,2024-01-01,P78,,Homo sapiens,positive,unknown,synthetic_fixture,SYNTH_00156,0,S,EUCAST,SYNTHETIC_ONLY,0.0,0.0,0.0,0.0,0.0,0.0,0.0,0.0,0.0,0.0,-1.0,0.0,0.0,0.0,0.0,,0.0,0.0,0.0,1.0,1.0,0.0,0.0,0.0,0.0,4,NDM_positive_other_unknown,G155
DEMO_A,Klebsiella pneumoniae,FICTIONAL_A,2024-02-01,P78,,Homo sapiens,unknown,unknown,synthetic_fixture,SYNTH_00157,0,S,EUCAST,SYNTHETIC_ONLY,-2.0,0.0,0.0,0.0,0.0,-2.0,0.0,0.0,0.0,0.0,0.0,0.0,0.0,0.0,0.0,0.0,0.0,0.0,0.0,0.0,-1.0,0.0,0.0,0.0,0.0,5,unknown,G155
DEMO_A,Escherichia coli,FICTIONAL_A,2024-03-01,P79,,Homo sapiens,unknown,unknown,synthetic_fixture,SYNTH_00158,1,R,EUCAST,SYNTHETIC_ONLY,1.0,0.0,0.0,0.0,0.0,-1.0,0.0,0.0,0.0,0.0,1.0,0.0,0.0,0.0,0.0,1.0,0.0,0.0,0.0,0.0,3.0,0.0,0.0,0.0,0.0,5,unknown,G157
DEMO_A,Klebsiella pneumoniae,FICTIONAL_A,2024-04-01,P79,,Homo sapiens,positive,unknown,synthetic_fixture,SYNTH_00159,1,R,EUCAST,SYNTHETIC_ONLY,1.0,0.0,0.0,0.0,0.0,2.0,0.0,0.0,0.0,0.0,2.0,0.0,0.0,0.0,0.0,3.0,0.0,0.0,0.0,0.0,2.0,0.0,0.0,0.0,0.0,5,NDM_positive_other_unknown,G157
DEMO_A,Escherichia coli,FICTIONAL_A,2024-05-01,P80,,Homo sapiens,unknown,positive,synthetic_fixture,SYNTH_00160,1,R,EUCAST,SYNTHETIC_ONLY,1.0,0.0,0.0,0.0,0.0,1.0,0.0,0.0,0.0,0.0,1.0,0.0,0.0,0.0,0.0,1.0,0.0,0.0,0.0,0.0,2.0,0.0,0.0,0.0,0.0,5,OXA48_positive_other_unknown,G159
DEMO_A,Klebsiella pneumoniae,FICTIONAL_A,2024-06-01,P80,,Homo sapiens,unknown,unknown,synthetic_fixture,SYNTH_00161,0,S,EUCAST,SYNTHETIC_ONLY,-1.0,0.0,0.0,0.0,0.0,0.0,0.0,0.0,0.0,0.0,,0.0,0.0,0.0,1.0,1.0,0.0,0.0,0.0,0.0,2.0,0.0,0.0,0.0,0.0,4,unknown,G159
DEMO_A,Escherichia coli,FICTIONAL_A,2024-07-01,P81,,Homo sapiens,positive,unknown,synthetic_fixture,SYNTH_00162,1,R,EUCAST,SYNTHETIC_ONLY,1.0,0.0,0.0,0.0,0.0,1.0,0.0,0.0,0.0,0.0,2.0,0.0,0.0,0.0,0.0,3.0,0.0,0.0,0.0,0.0,3.0,0.0,0.0,0.0,0.0,5,NDM_positive_other_unknown,G161
DEMO_A,Klebsiella pneumoniae,FICTIONAL_A,2024-08-01,P81,,Homo sapiens,unknown,unknown,synthetic_fixture,SYNTH_00163,0,S,EUCAST,SYNTHETIC_ONLY,0.0,0.0,0.0,0.0,0.0,2.0,0.0,0.0,0.0,0.0,1.0,0.0,0.0,0.0,0.0,1.0,0.0,0.0,0.0,0.0,3.0,0.0,0.0,0.0,0.0,5,unknown,G161
DEMO_A,Escherichia coli,FICTIONAL_A,2024-09-01,P82,,Homo sapiens,unknown,unknown,synthetic_fixture,SYNTH_00164,1,R,EUCAST,SYNTHETIC_ONLY,3.0,0.0,0.0,0.0,0.0,2.0,0.0,0.0,0.0,0.0,,0.0,0.0,0.0,1.0,3.0,0.0,0.0,0.0,0.0,3.0,0.0,0.0,0.0,0.0,4,unknown,G163
DEMO_A,Klebsiella pneumoniae,FICTIONAL_A,2024-10-01,P82,,Homo sapiens,positive,positive,synthetic_fixture,SYNTH_00165,0,S,EUCAST,SYNTHETIC_ONLY,-2.0,0.0,0.0,0.0,0.0,-3.0,0.0,0.0,0.0,0.0,,0.0,0.0,0.0,1.0,-1.0,0.0,0.0,0.0,0.0,1.0,0.0,0.0,0.0,0.0,4,co_producer,G163
DEMO_A,Escherichia coli,FICTIONAL_A,2024-11-01,P83,,Homo sapiens,unknown,unknown,synthetic_fixture,SYNTH_00166,0,S,EUCAST,SYNTHETIC_ONLY,0.0,0.0,0.0,0.0,0.0,,0.0,0.0,0.0,1.0,-1.0,0.0,0.0,0.0,0.0,,0.0,0.0,0.0,1.0,1.0,0.0,0.0,0.0,0.0,3,unknown,G165
DEMO_A,Klebsiella pneumoniae,FICTIONAL_A,2024-12-01,P83,,Homo sapiens,unknown,unknown,synthetic_fixture,SYNTH_00167,0,S,EUCAST,SYNTHETIC_ONLY,1.0,0.0,0.0,0.0,0.0,2.0,0.0,0.0,0.0,0.0,1.0,0.0,0.0,0.0,0.0,1.0,0.0,0.0,0.0,0.0,1.0,0.0,0.0,0.0,0.0,5,unknown,G165
DEMO_B,Escherichia coli,FICTIONAL_B,2024-01-01,P84,,Homo sapiens,positive,unknown,synthetic_fixture,SYNTH_00168,0,S,EUCAST,SYNTHETIC_ONLY,1.0,0.0,0.0,0.0,0.0,1.0,0.0,0.0,0.0,0.0,3.0,0.0,0.0,0.0,0.0,0.0,0.0,0.0,0.0,0.0,2.0,0.0,0.0,0.0,0.0,5,NDM_positive_other_unknown,G167
DEMO_B,Klebsiella pneumoniae,FICTIONAL_B,2024-02-01,P84,,Homo sapiens,unknown,unknown,synthetic_fixture,SYNTH_00169,1,R,EUCAST,SYNTHETIC_ONLY,1.0,0.0,0.0,0.0,0.0,1.0,0.0,0.0,0.0,0.0,1.0,0.0,0.0,0.0,0.0,1.0,0.0,0.0,0.0,0.0,2.0,0.0,0.0,0.0,0.0,5,unknown,G167
DEMO_B,Escherichia coli,FICTIONAL_B,2024-03-01,P85,,Homo sapiens,unknown,positive,synthetic_fixture,SYNTH_00170,0,S,EUCAST,SYNTHETIC_ONLY,-3.0,0.0,0.0,0.0,0.0,-1.0,0.0,0.0,0.0,0.0,-2.0,0.0,0.0,0.0,0.0,0.0,0.0,0.0,0.0,0.0,2.0,0.0,0.0,0.0,0.0,5,OXA48_positive_other_unknown,G169
DEMO_B,Klebsiella pneumoniae,FICTIONAL_B,2024-04-01,P85,,Homo sapiens,positive,unknown,synthetic_fixture,SYNTH_00171,0,S,EUCAST,SYNTHETIC_ONLY,-1.0,0.0,0.0,0.0,0.0,-1.0,0.0,0.0,0.0,0.0,-1.0,0.0,0.0,0.0,0.0,,0.0,0.0,0.0,1.0,1.0,0.0,0.0,0.0,0.0,4,NDM_positive_other_unknown,G169
DEMO_B,Escherichia coli,FICTIONAL_B,2024-05-01,P86,,Homo sapiens,unknown,unknown,synthetic_fixture,SYNTH_00172,0,S,EUCAST,SYNTHETIC_ONLY,-1.0,0.0,0.0,0.0,0.0,,0.0,0.0,0.0,1.0,-1.0,0.0,0.0,0.0,0.0,-1.0,0.0,0.0,0.0,0.0,,0.0,0.0,0.0,1.0,3,unknown,G171
DEMO_B,Klebsiella pneumoniae,FICTIONAL_B,2024-06-01,P86,,Homo sapiens,unknown,unknown,synthetic_fixture,SYNTH_00173,1,R,EUCAST,SYNTHETIC_ONLY,1.0,0.0,0.0,0.0,0.0,2.0,0.0,0.0,0.0,0.0,2.0,0.0,0.0,0.0,0.0,2.0,0.0,0.0,0.0,0.0,2.0,0.0,0.0,0.0,0.0,5,unknown,G171
DEMO_B,Escherichia coli,FICTIONAL_B,2024-07-01,P87,,Homo sapiens,positive,unknown,synthetic_fixture,SYNTH_00174,1,R,EUCAST,SYNTHETIC_ONLY,,0.0,0.0,0.0,1.0,1.0,0.0,0.0,0.0,0.0,2.0,0.0,0.0,0.0,0.0,1.0,0.0,0.0,0.0,0.0,2.0,0.0,0.0,0.0,0.0,4,NDM_positive_other_unknown,G173
DEMO_B,Klebsiella pneumoniae,FICTIONAL_B,2024-08-01,P87,,Homo sapiens,unknown,positive,synthetic_fixture,SYNTH_00175,0,S,EUCAST,SYNTHETIC_ONLY,-2.0,0.0,0.0,0.0,0.0,0.0,0.0,0.0,0.0,0.0,2.0,0.0,0.0,0.0,0.0,0.0,0.0,0.0,0.0,0.0,2.0,0.0,0.0,0.0,0.0,5,OXA48_positive_other_unknown,G173
DEMO_B,Escherichia coli,FICTIONAL_B,2024-09-01,P88,,Homo sapiens,unknown,unknown,synthetic_fixture,SYNTH_00176,1,R,EUCAST,SYNTHETIC_ONLY,0.0,0.0,0.0,0.0,0.0,,0.0,0.0,0.0,1.0,1.0,0.0,0.0,0.0,0.0,1.0,0.0,0.0,0.0,0.0,2.0,0.0,0.0,0.0,0.0,4,unknown,G175
DEMO_B,Klebsiella pneumoniae,FICTIONAL_B,2024-10-01,P88,,Homo sapiens,positive,unknown,synthetic_fixture,SYNTH_00177,0,S,EUCAST,SYNTHETIC_ONLY,-4.0,0.0,0.0,0.0,0.0,-1.0,0.0,0.0,0.0,0.0,-1.0,0.0,0.0,0.0,0.0,0.0,0.0,0.0,0.0,0.0,2.0,0.0,0.0,0.0,0.0,5,NDM_positive_other_unknown,G175
DEMO_B,Escherichia coli,FICTIONAL_B,2024-11-01,P89,,Homo sapiens,unknown,unknown,synthetic_fixture,SYNTH_00178,1,R,EUCAST,SYNTHETIC_ONLY,0.0,0.0,0.0,0.0,0.0,1.0,0.0,0.0,0.0,0.0,0.0,0.0,0.0,0.0,0.0,0.0,0.0,0.0,0.0,0.0,2.0,0.0,0.0,0.0,0.0,5,unknown,G177
DEMO_B,Klebsiella pneumoniae,FICTIONAL_B,2024-12-01,P89,,Homo sapiens,unknown,unknown,synthetic_fixture,SYNTH_00179,0,S,EUCAST,SYNTHETIC_ONLY,,0.0,0.0,0.0,1.0,2.0,0.0,0.0,0.0,0.0,1.0,0.0,0.0,0.0,0.0,1.0,0.0,0.0,0.0,0.0,1.0,0.0,0.0,0.0,0.0,4,unknown,G177
DEMO_B,Escherichia coli,FICTIONAL_B,2024-01-01,P90,,Homo sapiens,positive,positive,synthetic_fixture,SYNTH_00180,0,S,EUCAST,SYNTHETIC_ONLY,-1.0,0.0,0.0,0.0,0.0,-1.0,0.0,0.0,0.0,0.0,1.0,0.0,0.0,0.0,0.0,,0.0,0.0,0.0,1.0,1.0,0.0,0.0,0.0,0.0,4,co_producer,G179
DEMO_B,Klebsiella pneumoniae,FICTIONAL_B,2024-02-01,P90,,Homo sapiens,unknown,unknown,synthetic_fixture,SYNTH_00181,0,S,EUCAST,SYNTHETIC_ONLY,-1.0,0.0,0.0,0.0,0.0,,0.0,0.0,0.0,1.0,-1.0,0.0,0.0,0.0,0.0,1.0,0.0,0.0,0.0,0.0,1.0,0.0,0.0,0.0,0.0,4,unknown,G179
DEMO_B,Escherichia coli,FICTIONAL_B,2024-03-01,P91,,Homo sapiens,unknown,unknown,synthetic_fixture,SYNTH_00182,1,R,EUCAST,SYNTHETIC_ONLY,1.0,0.0,0.0,0.0,0.0,2.0,0.0,0.0,0.0,0.0,1.0,0.0,0.0,0.0,0.0,2.0,0.0,0.0,0.0,0.0,3.0,0.0,0.0,0.0,0.0,5,unknown,G181
DEMO_B,Klebsiella pneumoniae,FICTIONAL_B,2024-04-01,P91,,Homo sapiens,positive,unknown,synthetic_fixture,SYNTH_00183,1,R,EUCAST,SYNTHETIC_ONLY,1.0,0.0,0.0,0.0,0.0,0.0,0.0,0.0,0.0,0.0,,0.0,0.0,0.0,1.0,2.0,0.0,0.0,0.0,0.0,,0.0,0.0,0.0,1.0,3,NDM_positive_other_unknown,G181
DEMO_B,Escherichia coli,FICTIONAL_B,2024-05-01,P92,,Homo sapiens,unknown,unknown,synthetic_fixture,SYNTH_00184,0,S,EUCAST,SYNTHETIC_ONLY,-1.0,0.0,0.0,0.0,0.0,-1.0,0.0,0.0,0.0,0.0,,0.0,0.0,0.0,1.0,1.0,0.0,0.0,0.0,0.0,,0.0,0.0,0.0,1.0,3,unknown,G183
DEMO_B,Klebsiella pneumoniae,FICTIONAL_B,2024-06-01,P92,,Homo sapiens,unknown,positive,synthetic_fixture,SYNTH_00185,1,R,EUCAST,SYNTHETIC_ONLY,1.0,0.0,0.0,0.0,0.0,1.0,0.0,0.0,0.0,0.0,3.0,0.0,0.0,0.0,0.0,2.0,0.0,0.0,0.0,0.0,3.0,0.0,0.0,0.0,0.0,5,OXA48_positive_other_unknown,G183
DEMO_B,Escherichia coli,FICTIONAL_B,2024-07-01,P93,,Homo sapiens,positive,unknown,synthetic_fixture,SYNTH_00186,0,S,EUCAST,SYNTHETIC_ONLY,-1.0,0.0,0.0,0.0,0.0,2.0,0.0,0.0,0.0,0.0,3.0,0.0,0.0,0.0,0.0,2.0,0.0,0.0,0.0,0.0,2.0,0.0,0.0,0.0,0.0,5,NDM_positive_other_unknown,G185
DEMO_B,Klebsiella pneumoniae,FICTIONAL_B,2024-08-01,P93,,Homo sapiens,unknown,unknown,synthetic_fixture,SYNTH_00187,1,R,EUCAST,SYNTHETIC_ONLY,2.0,0.0,0.0,0.0,0.0,0.0,0.0,0.0,0.0,0.0,2.0,0.0,0.0,0.0,0.0,1.0,0.0,0.0,0.0,0.0,3.0,0.0,0.0,0.0,0.0,5,unknown,G185
DEMO_B,Escherichia coli,FICTIONAL_B,2024-09-01,P94,,Homo sapiens,unknown,unknown,synthetic_fixture,SYNTH_00188,0,S,EUCAST,SYNTHETIC_ONLY,0.0,0.0,0.0,0.0,0.0,-1.0,0.0,0.0,0.0,0.0,1.0,0.0,0.0,0.0,0.0,0.0,0.0,0.0,0.0,0.0,1.0,0.0,0.0,0.0,0.0,5,unknown,G187
DEMO_B,Klebsiella pneumoniae,FICTIONAL_B,2024-10-01,P94,,Homo sapiens,positive,unknown,synthetic_fixture,SYNTH_00189,0,S,EUCAST,SYNTHETIC_ONLY,0.0,0.0,0.0,0.0,0.0,1.0,0.0,0.0,0.0,0.0,2.0,0.0,0.0,0.0,0.0,-1.0,0.0,0.0,0.0,0.0,1.0,0.0,0.0,0.0,0.0,5,NDM_positive_other_unknown,G187
DEMO_B,Escherichia coli,FICTIONAL_B,2024-11-01,P95,,Homo sapiens,unknown,positive,synthetic_fixture,SYNTH_00190,0,S,EUCAST,SYNTHETIC_ONLY,-2.0,0.0,0.0,0.0,0.0,0.0,0.0,0.0,0.0,0.0,1.0,0.0,0.0,0.0,0.0,,0.0,0.0,0.0,1.0,4.0,0.0,0.0,0.0,0.0,4,OXA48_positive_other_unknown,G189
DEMO_B,Klebsiella pneumoniae,FICTIONAL_B,2024-12-01,P95,,Homo sapiens,unknown,unknown,synthetic_fixture,SYNTH_00191,0,S,EUCAST,SYNTHETIC_ONLY,-2.0,0.0,0.0,0.0,0.0,1.0,0.0,0.0,0.0,0.0,3.0,0.0,0.0,0.0,0.0,2.0,0.0,0.0,0.0,0.0,,0.0,0.0,0.0,1.0,4,unknown,G189
DEMO_B,Escherichia coli,FICTIONAL_B,2024-01-01,P96,,Homo sapiens,positive,unknown,synthetic_fixture,SYNTH_00192,0,S,EUCAST,SYNTHETIC_ONLY,-3.0,0.0,0.0,0.0,0.0,0.0,0.0,0.0,0.0,0.0,-1.0,0.0,0.0,0.0,0.0,1.0,0.0,0.0,0.0,0.0,2.0,0.0,0.0,0.0,0.0,5,NDM_positive_other_unknown,G191
DEMO_B,Klebsiella pneumoniae,FICTIONAL_B,2024-02-01,P96,,Homo sapiens,unknown,unknown,synthetic_fixture,SYNTH_00193,1,R,EUCAST,SYNTHETIC_ONLY,2.0,0.0,0.0,0.0,0.0,,0.0,0.0,0.0,1.0,3.0,0.0,0.0,0.0,0.0,4.0,0.0,0.0,0.0,0.0,,0.0,0.0,0.0,1.0,3,unknown,G191
DEMO_B,Escherichia coli,FICTIONAL_B,2024-03-01,P97,,Homo sapiens,unknown,unknown,synthetic_fixture,SYNTH_00194,0,S,EUCAST,SYNTHETIC_ONLY,-1.0,0.0,0.0,0.0,0.0,-2.0,0.0,0.0,0.0,0.0,0.0,0.0,0.0,0.0,0.0,0.0,0.0,0.0,0.0,0.0,2.0,0.0,0.0,0.0,0.0,5,unknown,G193
DEMO_B,Klebsiella pneumoniae,FICTIONAL_B,2024-04-01,P97,,Homo sapiens,positive,positive,synthetic_fixture,SYNTH_00195,1,R,EUCAST,SYNTHETIC_ONLY,0.0,0.0,0.0,0.0,0.0,0.0,0.0,0.0,0.0,0.0,3.0,0.0,0.0,0.0,0.0,1.0,0.0,0.0,0.0,0.0,2.0,0.0,0.0,0.0,0.0,5,co_producer,G193
DEMO_B,Escherichia coli,FICTIONAL_B,2024-05-01,P98,,Homo sapiens,unknown,unknown,synthetic_fixture,SYNTH_00196,0,S,EUCAST,SYNTHETIC_ONLY,-2.0,0.0,0.0,0.0,0.0,1.0,0.0,0.0,0.0,0.0,0.0,0.0,0.0,0.0,0.0,0.0,0.0,0.0,0.0,0.0,,0.0,0.0,0.0,1.0,4,unknown,G195
DEMO_B,Klebsiella pneumoniae,FICTIONAL_B,2024-06-01,P98,,Homo sapiens,unknown,unknown,synthetic_fixture,SYNTH_00197,1,R,EUCAST,SYNTHETIC_ONLY,2.0,0.0,0.0,0.0,0.0,3.0,0.0,0.0,0.0,0.0,2.0,0.0,0.0,0.0,0.0,3.0,0.0,0.0,0.0,0.0,0.0,0.0,0.0,0.0,0.0,5,unknown,G195
DEMO_B,Escherichia coli,FICTIONAL_B,2024-07-01,P99,,Homo sapiens,positive,unknown,synthetic_fixture,SYNTH_00198,0,S,EUCAST,SYNTHETIC_ONLY,0.0,0.0,0.0,0.0,0.0,0.0,0.0,0.0,0.0,0.0,-1.0,0.0,0.0,0.0,0.0,1.0,0.0,0.0,0.0,0.0,,0.0,0.0,0.0,1.0,4,NDM_positive_other_unknown,G197
DEMO_B,Klebsiella pneumoniae,FICTIONAL_B,2024-08-01,P99,,Homo sapiens,unknown,unknown,synthetic_fixture,SYNTH_00199,1,R,EUCAST,SYNTHETIC_ONLY,-2.0,0.0,0.0,0.0,0.0,3.0,0.0,0.0,0.0,0.0,0.0,0.0,0.0,0.0,0.0,2.0,0.0,0.0,0.0,0.0,3.0,0.0,0.0,0.0,0.0,5,unknown,G197
DEMO_B,Escherichia coli,FICTIONAL_B,2024-09-01,P100,,Homo sapiens,unknown,positive,synthetic_fixture,SYNTH_00200,1,R,EUCAST,SYNTHETIC_ONLY,3.0,0.0,0.0,0.0,0.0,-1.0,0.0,0.0,0.0,0.0,3.0,0.0,0.0,0.0,0.0,1.0,0.0,0.0,0.0,0.0,3.0,0.0,0.0,0.0,0.0,5,OXA48_positive_other_unknown,G199
DEMO_B,Escherichia coli,FICTIONAL_B,2024-11-01,P101,,Homo sapiens,unknown,unknown,synthetic_fixture,SYNTH_00202,1,R,EUCAST,SYNTHETIC_ONLY,1.0,0.0,0.0,0.0,0.0,1.0,0.0,0.0,0.0,0.0,,0.0,0.0,0.0,1.0,1.0,0.0,0.0,0.0,0.0,2.0,0.0,0.0,0.0,0.0,4,unknown,G200
DEMO_B,Klebsiella pneumoniae,FICTIONAL_B,2024-12-01,P101,,Homo sapiens,unknown,unknown,synthetic_fixture,SYNTH_00203,0,S,EUCAST,SYNTHETIC_ONLY,-1.0,0.0,0.0,0.0,0.0,1.0,0.0,0.0,0.0,0.0,1.0,0.0,0.0,0.0,0.0,2.0,0.0,0.0,0.0,0.0,3.0,0.0,0.0,0.0,0.0,5,unknown,G200
DEMO_B,Escherichia coli,FICTIONAL_B,2024-01-01,P102,,Homo sapiens,positive,unknown,synthetic_fixture,SYNTH_00204,1,R,EUCAST,SYNTHETIC_ONLY,-1.0,0.0,0.0,0.0,0.0,1.0,0.0,0.0,0.0,0.0,,0.0,0.0,0.0,1.0,4.0,0.0,0.0,0.0,0.0,,0.0,0.0,0.0,1.0,3,NDM_positive_other_unknown,G202
DEMO_B,Klebsiella pneumoniae,FICTIONAL_B,2024-02-01,P102,,Homo sapiens,unknown,positive,synthetic_fixture,SYNTH_00205,1,R,EUCAST,SYNTHETIC_ONLY,1.0,0.0,0.0,0.0,0.0,1.0,0.0,0.0,0.0,0.0,1.0,0.0,0.0,0.0,0.0,2.0,0.0,0.0,0.0,0.0,3.0,0.0,0.0,0.0,0.0,5,OXA48_positive_other_unknown,G202
DEMO_B,Escherichia coli,FICTIONAL_B,2024-03-01,P103,,Homo sapiens,unknown,unknown,synthetic_fixture,SYNTH_00206,1,R,EUCAST,SYNTHETIC_ONLY,1.0,0.0,0.0,0.0,0.0,-1.0,0.0,0.0,0.0,0.0,2.0,0.0,0.0,0.0,0.0,4.0,0.0,0.0,0.0,0.0,1.0,0.0,0.0,0.0,0.0,5,unknown,G204
DEMO_B,Klebsiella pneumoniae,FICTIONAL_B,2024-04-01,P103,,Homo sapiens,positive,unknown,synthetic_fixture,SYNTH_00207,0,S,EUCAST,SYNTHETIC_ONLY,1.0,0.0,0.0,0.0,0.0,0.0,0.0,0.0,0.0,0.0,,0.0,0.0,0.0,1.0,0.0,0.0,0.0,0.0,0.0,2.0,0.0,0.0,0.0,0.0,4,NDM_positive_other_unknown,G204
DEMO_B,Escherichia coli,FICTIONAL_B,2024-05-01,P104,,Homo sapiens,unknown,unknown,synthetic_fixture,SYNTH_00208,1,R,EUCAST,SYNTHETIC_ONLY,2.0,0.0,0.0,0.0,0.0,2.0,0.0,0.0,0.0,0.0,2.0,0.0,0.0,0.0,0.0,1.0,0.0,0.0,0.0,0.0,4.0,0.0,0.0,0.0,0.0,5,unknown,G206
DEMO_B,Klebsiella pneumoniae,FICTIONAL_B,2024-06-01,P104,,Homo sapiens,unknown,unknown,synthetic_fixture,SYNTH_00209,0,S,EUCAST,SYNTHETIC_ONLY,1.0,0.0,0.0,0.0,0.0,-2.0,0.0,0.0,0.0,0.0,-1.0,0.0,0.0,0.0,0.0,0.0,0.0,0.0,0.0,0.0,1.0,0.0,0.0,0.0,0.0,5,unknown,G206
DEMO_B,Escherichia coli,FICTIONAL_B,2024-07-01,P105,,Homo sapiens,positive,positive,synthetic_fixture,SYNTH_00210,0,S,EUCAST,SYNTHETIC_ONLY,-1.0,0.0,0.0,0.0,0.0,1.0,0.0,0.0,0.0,0.0,0.0,0.0,0.0,0.0,0.0,2.0,0.0,0.0,0.0,0.0,0.0,0.0,0.0,0.0,0.0,5,co_producer,G208
DEMO_B,Klebsiella pneumoniae,FICTIONAL_B,2024-08-01,P105,,Homo sapiens,unknown,unknown,synthetic_fixture,SYNTH_00211,0,S,EUCAST,SYNTHETIC_ONLY,-2.0,0.0,0.0,0.0,0.0,1.0,0.0,0.0,0.0,0.0,0.0,0.0,0.0,0.0,0.0,2.0,0.0,0.0,0.0,0.0,0.0,0.0,0.0,0.0,0.0,5,unknown,G208
DEMO_B,Escherichia coli,FICTIONAL_B,2024-09-01,P106,,Homo sapiens,unknown,unknown,synthetic_fixture,SYNTH_00212,1,R,EUCAST,SYNTHETIC_ONLY,,0.0,0.0,0.0,1.0,1.0,0.0,0.0,0.0,0.0,0.0,0.0,0.0,0.0,0.0,3.0,0.0,0.0,0.0,0.0,3.0,0.0,0.0,0.0,0.0,4,unknown,G210
DEMO_B,Klebsiella pneumoniae,FICTIONAL_B,2024-10-01,P106,,Homo sapiens,positive,unknown,synthetic_fixture,SYNTH_00213,0,S,EUCAST,SYNTHETIC_ONLY,-2.0,0.0,0.0,0.0,0.0,-2.0,0.0,0.0,0.0,0.0,0.0,0.0,0.0,0.0,0.0,,0.0,0.0,0.0,1.0,1.0,0.0,0.0,0.0,0.0,4,NDM_positive_other_unknown,G210
DEMO_B,Escherichia coli,FICTIONAL_B,2024-11-01,P107,,Homo sapiens,unknown,unknown,synthetic_fixture,SYNTH_00214,0,S,EUCAST,SYNTHETIC_ONLY,1.0,0.0,0.0,0.0,0.0,1.0,0.0,0.0,0.0,0.0,2.0,0.0,0.0,0.0,0.0,1.0,0.0,0.0,0.0,0.0,,0.0,0.0,0.0,1.0,4,unknown,G212
DEMO_B,Klebsiella pneumoniae,FICTIONAL_B,2024-12-01,P107,,Homo sapiens,unknown,positive,synthetic_fixture,SYNTH_00215,0,S,EUCAST,SYNTHETIC_ONLY,1.0,0.0,0.0,0.0,0.0,0.0,0.0,0.0,0.0,0.0,0.0,0.0,0.0,0.0,0.0,1.0,0.0,0.0,0.0,0.0,1.0,0.0,0.0,0.0,0.0,5,OXA48_positive_other_unknown,G212
DEMO_B,Escherichia coli,FICTIONAL_B,2024-01-01,P108,,Homo sapiens,positive,unknown,synthetic_fixture,SYNTH_00216,0,S,EUCAST,SYNTHETIC_ONLY,1.0,0.0,0.0,0.0,0.0,0.0,0.0,0.0,0.0,0.0,0.0,0.0,0.0,0.0,0.0,2.0,0.0,0.0,0.0,0.0,2.0,0.0,0.0,0.0,0.0,5,NDM_positive_other_unknown,G214
DEMO_B,Klebsiella pneumoniae,FICTIONAL_B,2024-02-01,P108,,Homo sapiens,unknown,unknown,synthetic_fixture,SYNTH_00217,0,S,EUCAST,SYNTHETIC_ONLY,-2.0,0.0,0.0,0.0,0.0,-2.0,0.0,0.0,0.0,0.0,-1.0,0.0,0.0,0.0,0.0,,0.0,0.0,0.0,1.0,1.0,0.0,0.0,0.0,0.0,4,unknown,G214
DEMO_B,Escherichia coli,FICTIONAL_B,2024-03-01,P109,,Homo sapiens,unknown,unknown,synthetic_fixture,SYNTH_00218,1,R,EUCAST,SYNTHETIC_ONLY,1.0,0.0,0.0,0.0,0.0,2.0,0.0,0.0,0.0,0.0,2.0,0.0,0.0,0.0,0.0,3.0,0.0,0.0,0.0,0.0,2.0,0.0,0.0,0.0,0.0,5,unknown,G216
DEMO_B,Klebsiella pneumoniae,FICTIONAL_B,2024-04-01,P109,,Homo sapiens,positive,unknown,synthetic_fixture,SYNTH_00219,0,S,EUCAST,SYNTHETIC_ONLY,-2.0,0.0,0.0,0.0,0.0,0.0,0.0,0.0,0.0,0.0,,0.0,0.0,0.0,1.0,1.0,0.0,0.0,0.0,0.0,1.0,0.0,0.0,0.0,0.0,4,NDM_positive_other_unknown,G216
DEMO_B,Klebsiella pneumoniae,FICTIONAL_B,2024-06-01,P110,,Homo sapiens,unknown,unknown,synthetic_fixture,SYNTH_00221,1,R,EUCAST,SYNTHETIC_ONLY,1.0,0.0,0.0,0.0,0.0,2.0,0.0,0.0,0.0,0.0,4.0,0.0,0.0,0.0,0.0,2.0,0.0,0.0,0.0,0.0,4.0,0.0,0.0,0.0,0.0,5,unknown,G218
DEMO_B,Escherichia coli,FICTIONAL_B,2024-07-01,P111,,Homo sapiens,positive,unknown,synthetic_fixture,SYNTH_00222,1,R,EUCAST,SYNTHETIC_ONLY,0.0,0.0,0.0,0.0,0.0,0.0,0.0,0.0,0.0,0.0,0.0,0.0,0.0,0.0,0.0,-1.0,0.0,0.0,0.0,0.0,2.0,0.0,0.0,0.0,0.0,5,NDM_positive_other_unknown,G219
DEMO_B,Klebsiella pneumoniae,FICTIONAL_B,2024-08-01,P111,,Homo sapiens,unknown,unknown,synthetic_fixture,SYNTH_00223,1,R,EUCAST,SYNTHETIC_ONLY,1.0,0.0,0.0,0.0,0.0,0.0,0.0,0.0,0.0,0.0,3.0,0.0,0.0,0.0,0.0,2.0,0.0,0.0,0.0,0.0,2.0,0.0,0.0,0.0,0.0,5,unknown,G219
DEMO_B,Escherichia coli,FICTIONAL_B,2024-09-01,P112,,Homo sapiens,unknown,unknown,synthetic_fixture,SYNTH_00224,0,S,EUCAST,SYNTHETIC_ONLY,-1.0,0.0,0.0,0.0,0.0,1.0,0.0,0.0,0.0,0.0,2.0,0.0,0.0,0.0,0.0,1.0,0.0,0.0,0.0,0.0,3.0,0.0,0.0,0.0,0.0,5,unknown,G221
DEMO_B,Klebsiella pneumoniae,FICTIONAL_B,2024-10-01,P112,,Homo sapiens,positive,positive,synthetic_fixture,SYNTH_00225,1,R,EUCAST,SYNTHETIC_ONLY,2.0,0.0,0.0,0.0,0.0,2.0,0.0,0.0,0.0,0.0,3.0,0.0,0.0,0.0,0.0,2.0,0.0,0.0,0.0,0.0,3.0,0.0,0.0,0.0,0.0,5,co_producer,G221
DEMO_B,Escherichia coli,FICTIONAL_B,2024-11-01,P113,,Homo sapiens,unknown,unknown,synthetic_fixture,SYNTH_00226,0,S,EUCAST,SYNTHETIC_ONLY,1.0,0.0,0.0,0.0,0.0,1.0,0.0,0.0,0.0,0.0,1.0,0.0,0.0,0.0,0.0,2.0,0.0,0.0,0.0,0.0,3.0,0.0,0.0,0.0,0.0,5,unknown,G223
DEMO_B,Klebsiella pneumoniae,FICTIONAL_B,2024-12-01,P113,,Homo sapiens,unknown,unknown,synthetic_fixture,SYNTH_00227,1,R,EUCAST,SYNTHETIC_ONLY,2.0,0.0,0.0,0.0,0.0,1.0,0.0,0.0,0.0,0.0,0.0,0.0,0.0,0.0,0.0,2.0,0.0,0.0,0.0,0.0,3.0,0.0,0.0,0.0,0.0,5,unknown,G223
DEMO_B,Escherichia coli,FICTIONAL_B,2024-01-01,P114,,Homo sapiens,positive,unknown,synthetic_fixture,SYNTH_00228,1,R,EUCAST,SYNTHETIC_ONLY,0.0,0.0,0.0,0.0,0.0,-1.0,0.0,0.0,0.0,0.0,0.0,0.0,0.0,0.0,0.0,,0.0,0.0,0.0,1.0,0.0,0.0,0.0,0.0,0.0,4,NDM_positive_other_unknown,G225
DEMO_B,Klebsiella pneumoniae,FICTIONAL_B,2024-02-01,P114,,Homo sapiens,unknown,unknown,synthetic_fixture,SYNTH_00229,1,R,EUCAST,SYNTHETIC_ONLY,-1.0,0.0,0.0,0.0,0.0,1.0,0.0,0.0,0.0,0.0,1.0,0.0,0.0,0.0,0.0,1.0,0.0,0.0,0.0,0.0,4.0,0.0,0.0,0.0,0.0,5,unknown,G225
DEMO_B,Escherichia coli,FICTIONAL_B,2024-03-01,P115,,Homo sapiens,unknown,positive,synthetic_fixture,SYNTH_00230,0,S,EUCAST,SYNTHETIC_ONLY,2.0,0.0,0.0,0.0,0.0,0.0,0.0,0.0,0.0,0.0,1.0,0.0,0.0,0.0,0.0,2.0,0.0,0.0,0.0,0.0,3.0,0.0,0.0,0.0,0.0,5,OXA48_positive_other_unknown,G227
DEMO_B,Klebsiella pneumoniae,FICTIONAL_B,2024-04-01,P115,,Homo sapiens,positive,unknown,synthetic_fixture,SYNTH_00231,1,R,EUCAST,SYNTHETIC_ONLY,2.0,0.0,0.0,0.0,0.0,2.0,0.0,0.0,0.0,0.0,1.0,0.0,0.0,0.0,0.0,4.0,0.0,0.0,0.0,0.0,4.0,0.0,0.0,0.0,0.0,5,NDM_positive_other_unknown,G227
DEMO_B,Escherichia coli,FICTIONAL_B,2024-05-01,P116,,Homo sapiens,unknown,unknown,synthetic_fixture,SYNTH_00232,0,S,EUCAST,SYNTHETIC_ONLY,-2.0,0.0,0.0,0.0,0.0,0.0,0.0,0.0,0.0,0.0,0.0,0.0,0.0,0.0,0.0,1.0,0.0,0.0,0.0,0.0,,0.0,0.0,0.0,1.0,4,unknown,G229
DEMO_B,Klebsiella pneumoniae,FICTIONAL_B,2024-06-01,P116,,Homo sapiens,unknown,unknown,synthetic_fixture,SYNTH_00233,0,S,EUCAST,SYNTHETIC_ONLY,-2.0,0.0,0.0,0.0,0.0,-1.0,0.0,0.0,0.0,0.0,0.0,0.0,0.0,0.0,0.0,0.0,0.0,0.0,0.0,0.0,1.0,0.0,0.0,0.0,0.0,5,unknown,G229
DEMO_B,Escherichia coli,FICTIONAL_B,2024-07-01,P117,,Homo sapiens,positive,unknown,synthetic_fixture,SYNTH_00234,0,S,EUCAST,SYNTHETIC_ONLY,-1.0,0.0,0.0,0.0,0.0,0.0,0.0,0.0,0.0,0.0,2.0,0.0,0.0,0.0,0.0,-1.0,0.0,0.0,0.0,0.0,3.0,0.0,0.0,0.0,0.0,5,NDM_positive_other_unknown,G231
DEMO_B,Klebsiella pneumoniae,FICTIONAL_B,2024-08-01,P117,,Homo sapiens,unknown,positive,synthetic_fixture,SYNTH_00235,1,R,EUCAST,SYNTHETIC_ONLY,-2.0,0.0,0.0,0.0,0.0,-1.0,0.0,0.0,0.0,0.0,,0.0,0.0,0.0,1.0,-1.0,0.0,0.0,0.0,0.0,1.0,0.0,0.0,0.0,0.0,4,OXA48_positive_other_unknown,G231
DEMO_B,Escherichia coli,FICTIONAL_B,2024-09-01,P118,,Homo sapiens,unknown,unknown,synthetic_fixture,SYNTH_00236,0,S,EUCAST,SYNTHETIC_ONLY,1.0,0.0,0.0,0.0,0.0,1.0,0.0,0.0,0.0,0.0,0.0,0.0,0.0,0.0,0.0,0.0,0.0,0.0,0.0,0.0,,0.0,0.0,0.0,1.0,4,unknown,G233
DEMO_B,Klebsiella pneumoniae,FICTIONAL_B,2024-10-01,P118,,Homo sapiens,positive,unknown,synthetic_fixture,SYNTH_00237,1,R,EUCAST,SYNTHETIC_ONLY,2.0,0.0,0.0,0.0,0.0,2.0,0.0,0.0,0.0,0.0,2.0,0.0,0.0,0.0,0.0,,0.0,0.0,0.0,1.0,2.0,0.0,0.0,0.0,0.0,4,NDM_positive_other_unknown,G233
DEMO_B,Escherichia coli,FICTIONAL_B,2024-11-01,P119,,Homo sapiens,unknown,unknown,synthetic_fixture,SYNTH_00238,0,S,EUCAST,SYNTHETIC_ONLY,0.0,0.0,0.0,0.0,0.0,-1.0,0.0,0.0,0.0,0.0,2.0,0.0,0.0,0.0,0.0,2.0,0.0,0.0,0.0,0.0,2.0,0.0,0.0,0.0,0.0,5,unknown,G235
DEMO_B,Klebsiella pneumoniae,FICTIONAL_B,2024-12-01,P119,,Homo sapiens,unknown,unknown,synthetic_fixture,SYNTH_00239,0,S,EUCAST,SYNTHETIC_ONLY,-2.0,0.0,0.0,0.0,0.0,-2.0,0.0,0.0,0.0,0.0,0.0,0.0,0.0,0.0,0.0,0.0,0.0,0.0,0.0,0.0,1.0,0.0,0.0,0.0,0.0,5,unknown,G235
