grouping,group,interpretation,n,resistant,nonresistant,prevalence,threshold,auroc,average_precision,brier,log_loss,sensitivity,specificity,balanced_accuracy,ppv,npv,accuracy,false_negative_fraction_R,tn,fp,fn,tp
source_id,PRJNA1156689,exploratory; no multiplicity correction,7,0,7,0.0,0.14294006791213587,,,0.00560910681723156,0.057314798582115356,,0.8571428571428571,,0.0,1.0,0.8571428571428571,,6,1,0,0
source_id,PRJNA1271593,exploratory; no multiplicity correction,9,0,9,0.0,0.14294006791213587,,,0.023249668951198114,0.08135637553018829,,0.8888888888888888,,0.0,1.0,0.8888888888888888,,8,1,0,0
source_id,PRJNA278886,exploratory; no multiplicity correction,30,6,24,0.2,0.14294006791213587,0.9166666666666666,0.6453703703703705,0.12049033313820887,0.34397905187001654,1.0,0.8333333333333334,0.9166666666666667,0.6,1.0,0.8666666666666667,0.0,20,4,0,6
source_id,PRJNA288601,exploratory; no multiplicity correction,24,23,1,0.9583333333333334,0.14294006791213587,0.7608695652173914,0.9857296295387032,0.05140407718423007,0.19678129282177237,1.0,0.0,0.5,0.9583333333333334,,0.9583333333333334,0.0,0,1,0,23
source_id,PRJNA296771,exploratory; no multiplicity correction,3,3,0,1.0,0.14294006791213587,,,0.0027052711320789354,0.05027327266595847,1.0,,,1.0,,1.0,0.0,0,0,0,3
source_id,PRJNA308116,exploratory; no multiplicity correction,13,9,4,0.6923076923076923,0.14294006791213587,0.9583333333333333,0.9765432098765432,0.08427293321752466,0.2672860222824618,1.0,0.5,0.75,0.8181818181818182,1.0,0.8461538461538461,0.0,2,2,0,9
source_id,PRJNA482724,exploratory; no multiplicity correction,1,0,1,0.0,0.14294006791213587,,,0.17548670613863787,0.5428519252702741,,0.0,,0.0,,0.0,,0,1,0,0
source_id,PRJNA529562|PRJNA529587,exploratory; no multiplicity correction,5,0,5,0.0,0.14294006791213587,,,0.0032021425374698224,0.058001972067695265,,1.0,,,1.0,1.0,,5,0,0,0
source_id,PRJNA587095,exploratory; no multiplicity correction,1,0,1,0.0,0.14294006791213587,,,8.724943403124831e-05,0.009384638843046028,,1.0,,,1.0,1.0,,1,0,0,0
source_id,PRJNA861833,exploratory; no multiplicity correction,3,1,2,0.3333333333333333,0.14294006791213587,1.0,1.0,0.2296337255992812,0.6477409162237648,1.0,0.5,0.75,0.5,1.0,0.6666666666666666,0.0,1,1,0,1
source_id,PRJNA953359,exploratory; no multiplicity correction,1,1,0,1.0,0.14294006791213587,,,0.008074004056722027,0.09415185915038496,1.0,,,1.0,,1.0,0.0,0,0,0,1
lab_id,,exploratory; no multiplicity correction,97,43,54,0.44329896907216493,0.14294006791213587,0.9724375538329026,0.9652526740844816,0.07308394236276115,0.23382157416095767,1.0,0.7962962962962963,0.8981481481481481,0.7962962962962963,1.0,0.8865979381443299,0.0,43,11,0,43
country,Israel,exploratory; no multiplicity correction,5,0,5,0.0,0.14294006791213587,,,0.0032021425374698224,0.058001972067695265,,1.0,,,1.0,1.0,,5,0,0,0
country,Nigeria,exploratory; no multiplicity correction,7,0,7,0.0,0.14294006791213587,,,0.00560910681723156,0.057314798582115356,,0.8571428571428571,,0.0,1.0,0.8571428571428571,,6,1,0,0
country,Pakistan,exploratory; no multiplicity correction,13,9,4,0.6923076923076923,0.14294006791213587,0.9583333333333333,0.9765432098765432,0.08427293321752466,0.2672860222824618,1.0,0.5,0.75,0.8181818181818182,1.0,0.8461538461538461,0.0,2,2,0,9
country,South Africa,exploratory; no multiplicity correction,3,1,2,0.3333333333333333,0.14294006791213587,1.0,1.0,0.2296337255992812,0.6477409162237648,1.0,0.5,0.75,0.5,1.0,0.6666666666666666,0.0,1,1,0,1
country,Taiwan,exploratory; no multiplicity correction,1,0,1,0.0,0.14294006791213587,,,0.17548670613863787,0.5428519252702741,,0.0,,0.0,,0.0,,0,1,0,0
country,USA,exploratory; no multiplicity correction,68,33,35,0.4852941176470588,0.14294006791213587,0.9753246753246753,0.9718934908001657,0.07461664608846412,0.23571597469979466,1.0,0.8285714285714286,0.9142857142857144,0.8461538461538461,1.0,0.9117647058823529,0.0,29,6,0,33
region,,exploratory; no multiplicity correction,97,43,54,0.44329896907216493,0.14294006791213587,0.9724375538329026,0.9652526740844816,0.07308394236276115,0.23382157416095767,1.0,0.7962962962962963,0.8981481481481481,0.7962962962962963,1.0,0.8865979381443299,0.0,43,11,0,43
species,Klebsiella pneumoniae,exploratory; no multiplicity correction,97,43,54,0.44329896907216493,0.14294006791213587,0.9724375538329026,0.9652526740844816,0.07308394236276115,0.23382157416095767,1.0,0.7962962962962963,0.8981481481481481,0.7962962962962963,1.0,0.8865979381443299,0.0,43,11,0,43
mechanism,unknown,exploratory; no multiplicity correction,97,43,54,0.44329896907216493,0.14294006791213587,0.9724375538329026,0.9652526740844816,0.07308394236276115,0.23382157416095767,1.0,0.7962962962962963,0.8981481481481481,0.7962962962962963,1.0,0.8865979381443299,0.0,43,11,0,43
