ast_sample_id,amrfinder_sample_id,status,basis
K-10,K10,PROPOSED_NOT_VERIFIED,Unique numeric K identifier; punctuation differs; review against source needed.
K-100,K_100,PROPOSED_NOT_VERIFIED,Unique numeric K identifier; punctuation differs; review against source needed.
K-101,K_101,PROPOSED_NOT_VERIFIED,Unique numeric K identifier; punctuation differs; review against source needed.
K-102,K_102,PROPOSED_NOT_VERIFIED,Unique numeric K identifier; punctuation differs; review against source needed.
K-103,K_103,PROPOSED_NOT_VERIFIED,Unique numeric K identifier; punctuation differs; review against source needed.
K-104,K_104,PROPOSED_NOT_VERIFIED,Unique numeric K identifier; punctuation differs; review against source needed.
K-106,K_106,PROPOSED_NOT_VERIFIED,Unique numeric K identifier; punctuation differs; review against source needed.
K-107,K_107,PROPOSED_NOT_VERIFIED,Unique numeric K identifier; punctuation differs; review against source needed.
K-108,K_108,PROPOSED_NOT_VERIFIED,Unique numeric K identifier; punctuation differs; review against source needed.
K-11,K11,PROPOSED_NOT_VERIFIED,Unique numeric K identifier; punctuation differs; review against source needed.
K-111,K_111,PROPOSED_NOT_VERIFIED,Unique numeric K identifier; punctuation differs; review against source needed.
K-112,K_112,PROPOSED_NOT_VERIFIED,Unique numeric K identifier; punctuation differs; review against source needed.
K-114,K_114,PROPOSED_NOT_VERIFIED,Unique numeric K identifier; punctuation differs; review against source needed.
K-115,K_115,PROPOSED_NOT_VERIFIED,Unique numeric K identifier; punctuation differs; review against source needed.
K-116,K_116,PROPOSED_NOT_VERIFIED,Unique numeric K identifier; punctuation differs; review against source needed.
K-117,K_117,PROPOSED_NOT_VERIFIED,Unique numeric K identifier; punctuation differs; review against source needed.
K-118,K_118,PROPOSED_NOT_VERIFIED,Unique numeric K identifier; punctuation differs; review against source needed.
K-12,K12,PROPOSED_NOT_VERIFIED,Unique numeric K identifier; punctuation differs; review against source needed.
K-120,K_120,PROPOSED_NOT_VERIFIED,Unique numeric K identifier; punctuation differs; review against source needed.
K-122,K_122,PROPOSED_NOT_VERIFIED,Unique numeric K identifier; punctuation differs; review against source needed.
K-123,K_123,PROPOSED_NOT_VERIFIED,Unique numeric K identifier; punctuation differs; review against source needed.
K-125,K_125,PROPOSED_NOT_VERIFIED,Unique numeric K identifier; punctuation differs; review against source needed.
K-128,K_128,PROPOSED_NOT_VERIFIED,Unique numeric K identifier; punctuation differs; review against source needed.
K-129,K_129,PROPOSED_NOT_VERIFIED,Unique numeric K identifier; punctuation differs; review against source needed.
K-131,K_131,PROPOSED_NOT_VERIFIED,Unique numeric K identifier; punctuation differs; review against source needed.
K-132,K_132,PROPOSED_NOT_VERIFIED,Unique numeric K identifier; punctuation differs; review against source needed.
K-134,K_134,PROPOSED_NOT_VERIFIED,Unique numeric K identifier; punctuation differs; review against source needed.
K-136,K_136,PROPOSED_NOT_VERIFIED,Unique numeric K identifier; punctuation differs; review against source needed.
K-139,K_139,PROPOSED_NOT_VERIFIED,Unique numeric K identifier; punctuation differs; review against source needed.
K-14,K14,PROPOSED_NOT_VERIFIED,Unique numeric K identifier; punctuation differs; review against source needed.
K-141,K_141,PROPOSED_NOT_VERIFIED,Unique numeric K identifier; punctuation differs; review against source needed.
K-142,K_142,PROPOSED_NOT_VERIFIED,Unique numeric K identifier; punctuation differs; review against source needed.
K-15,K15,PROPOSED_NOT_VERIFIED,Unique numeric K identifier; punctuation differs; review against source needed.
K-16,K16,PROPOSED_NOT_VERIFIED,Unique numeric K identifier; punctuation differs; review against source needed.
K-17,K17,PROPOSED_NOT_VERIFIED,Unique numeric K identifier; punctuation differs; review against source needed.
K-18,K18,PROPOSED_NOT_VERIFIED,Unique numeric K identifier; punctuation differs; review against source needed.
K-2,K2,PROPOSED_NOT_VERIFIED,Unique numeric K identifier; punctuation differs; review against source needed.
K-25,K_25,PROPOSED_NOT_VERIFIED,Unique numeric K identifier; punctuation differs; review against source needed.
K-26,K_26,PROPOSED_NOT_VERIFIED,Unique numeric K identifier; punctuation differs; review against source needed.
K-27,K_27,PROPOSED_NOT_VERIFIED,Unique numeric K identifier; punctuation differs; review against source needed.
K-28,K_28,PROPOSED_NOT_VERIFIED,Unique numeric K identifier; punctuation differs; review against source needed.
K-29,K_29,PROPOSED_NOT_VERIFIED,Unique numeric K identifier; punctuation differs; review against source needed.
K-3,K3,PROPOSED_NOT_VERIFIED,Unique numeric K identifier; punctuation differs; review against source needed.
K-30,K_30,PROPOSED_NOT_VERIFIED,Unique numeric K identifier; punctuation differs; review against source needed.
K-31,K_31,PROPOSED_NOT_VERIFIED,Unique numeric K identifier; punctuation differs; review against source needed.
K-32,K_32,PROPOSED_NOT_VERIFIED,Unique numeric K identifier; punctuation differs; review against source needed.
K-33,K_33,PROPOSED_NOT_VERIFIED,Unique numeric K identifier; punctuation differs; review against source needed.
K-34,K_34,PROPOSED_NOT_VERIFIED,Unique numeric K identifier; punctuation differs; review against source needed.
K-35,K_35,PROPOSED_NOT_VERIFIED,Unique numeric K identifier; punctuation differs; review against source needed.
K-37,K_37,PROPOSED_NOT_VERIFIED,Unique numeric K identifier; punctuation differs; review against source needed.
K-38,K_38,PROPOSED_NOT_VERIFIED,Unique numeric K identifier; punctuation differs; review against source needed.
K-39,K_39,PROPOSED_NOT_VERIFIED,Unique numeric K identifier; punctuation differs; review against source needed.
K-4,K4,PROPOSED_NOT_VERIFIED,Unique numeric K identifier; punctuation differs; review against source needed.
K-40,K_40,PROPOSED_NOT_VERIFIED,Unique numeric K identifier; punctuation differs; review against source needed.
K-41,K_41,PROPOSED_NOT_VERIFIED,Unique numeric K identifier; punctuation differs; review against source needed.
K-42,K_42,PROPOSED_NOT_VERIFIED,Unique numeric K identifier; punctuation differs; review against source needed.
K-43,K_43,PROPOSED_NOT_VERIFIED,Unique numeric K identifier; punctuation differs; review against source needed.
K-44,K_44,PROPOSED_NOT_VERIFIED,Unique numeric K identifier; punctuation differs; review against source needed.
K-45,K_45,PROPOSED_NOT_VERIFIED,Unique numeric K identifier; punctuation differs; review against source needed.
K-46,K_46,PROPOSED_NOT_VERIFIED,Unique numeric K identifier; punctuation differs; review against source needed.
K-47,K_47,PROPOSED_NOT_VERIFIED,Unique numeric K identifier; punctuation differs; review against source needed.
K-48,K_48,PROPOSED_NOT_VERIFIED,Unique numeric K identifier; punctuation differs; review against source needed.
K-49,K_49,PROPOSED_NOT_VERIFIED,Unique numeric K identifier; punctuation differs; review against source needed.
K-5,K5,PROPOSED_NOT_VERIFIED,Unique numeric K identifier; punctuation differs; review against source needed.
K-50,K_50,PROPOSED_NOT_VERIFIED,Unique numeric K identifier; punctuation differs; review against source needed.
K-51,K_51,PROPOSED_NOT_VERIFIED,Unique numeric K identifier; punctuation differs; review against source needed.
K-52,K_52,PROPOSED_NOT_VERIFIED,Unique numeric K identifier; punctuation differs; review against source needed.
K-53,K_53,PROPOSED_NOT_VERIFIED,Unique numeric K identifier; punctuation differs; review against source needed.
K-54,K_54,PROPOSED_NOT_VERIFIED,Unique numeric K identifier; punctuation differs; review against source needed.
K-55,K_55,PROPOSED_NOT_VERIFIED,Unique numeric K identifier; punctuation differs; review against source needed.
K-56,K_56,PROPOSED_NOT_VERIFIED,Unique numeric K identifier; punctuation differs; review against source needed.
K-57,K_57,PROPOSED_NOT_VERIFIED,Unique numeric K identifier; punctuation differs; review against source needed.
K-58,K_58,PROPOSED_NOT_VERIFIED,Unique numeric K identifier; punctuation differs; review against source needed.
K-59,K_59,PROPOSED_NOT_VERIFIED,Unique numeric K identifier; punctuation differs; review against source needed.
K-60,K_60,PROPOSED_NOT_VERIFIED,Unique numeric K identifier; punctuation differs; review against source needed.
K-61,K_61,PROPOSED_NOT_VERIFIED,Unique numeric K identifier; punctuation differs; review against source needed.
K-62,K_62,PROPOSED_NOT_VERIFIED,Unique numeric K identifier; punctuation differs; review against source needed.
K-63,K_63,PROPOSED_NOT_VERIFIED,Unique numeric K identifier; punctuation differs; review against source needed.
K-64,K_64,PROPOSED_NOT_VERIFIED,Unique numeric K identifier; punctuation differs; review against source needed.
K-65,K_65,PROPOSED_NOT_VERIFIED,Unique numeric K identifier; punctuation differs; review against source needed.
K-66,K_66,PROPOSED_NOT_VERIFIED,Unique numeric K identifier; punctuation differs; review against source needed.
K-67,K_67,PROPOSED_NOT_VERIFIED,Unique numeric K identifier; punctuation differs; review against source needed.
K-68,K_68,PROPOSED_NOT_VERIFIED,Unique numeric K identifier; punctuation differs; review against source needed.
K-69,K_69,PROPOSED_NOT_VERIFIED,Unique numeric K identifier; punctuation differs; review against source needed.
K-7,K7,PROPOSED_NOT_VERIFIED,Unique numeric K identifier; punctuation differs; review against source needed.
K-70,K_70,PROPOSED_NOT_VERIFIED,Unique numeric K identifier; punctuation differs; review against source needed.
K-71,K_71,PROPOSED_NOT_VERIFIED,Unique numeric K identifier; punctuation differs; review against source needed.
K-72,K_72,PROPOSED_NOT_VERIFIED,Unique numeric K identifier; punctuation differs; review against source needed.
K-73,K_73,PROPOSED_NOT_VERIFIED,Unique numeric K identifier; punctuation differs; review against source needed.
K-74,K_74,PROPOSED_NOT_VERIFIED,Unique numeric K identifier; punctuation differs; review against source needed.
K-75,K_75,PROPOSED_NOT_VERIFIED,Unique numeric K identifier; punctuation differs; review against source needed.
K-76,K_76,PROPOSED_NOT_VERIFIED,Unique numeric K identifier; punctuation differs; review against source needed.
K-77,K_77,PROPOSED_NOT_VERIFIED,Unique numeric K identifier; punctuation differs; review against source needed.
K-78,K_78,PROPOSED_NOT_VERIFIED,Unique numeric K identifier; punctuation differs; review against source needed.
K-79,K_79,PROPOSED_NOT_VERIFIED,Unique numeric K identifier; punctuation differs; review against source needed.
K-8,K8,PROPOSED_NOT_VERIFIED,Unique numeric K identifier; punctuation differs; review against source needed.
K-80,K_80,PROPOSED_NOT_VERIFIED,Unique numeric K identifier; punctuation differs; review against source needed.
K-81,K_81,PROPOSED_NOT_VERIFIED,Unique numeric K identifier; punctuation differs; review against source needed.
K-82,K_82,PROPOSED_NOT_VERIFIED,Unique numeric K identifier; punctuation differs; review against source needed.
K-83,K_83,PROPOSED_NOT_VERIFIED,Unique numeric K identifier; punctuation differs; review against source needed.
K-84,K_84,PROPOSED_NOT_VERIFIED,Unique numeric K identifier; punctuation differs; review against source needed.
K-85,K_85,PROPOSED_NOT_VERIFIED,Unique numeric K identifier; punctuation differs; review against source needed.
K-86,K_86,PROPOSED_NOT_VERIFIED,Unique numeric K identifier; punctuation differs; review against source needed.
K-87,K_87,PROPOSED_NOT_VERIFIED,Unique numeric K identifier; punctuation differs; review against source needed.
K-88,K_88,PROPOSED_NOT_VERIFIED,Unique numeric K identifier; punctuation differs; review against source needed.
K-89,K_89,PROPOSED_NOT_VERIFIED,Unique numeric K identifier; punctuation differs; review against source needed.
K-9,K9,PROPOSED_NOT_VERIFIED,Unique numeric K identifier; punctuation differs; review against source needed.
K-90,K_90,PROPOSED_NOT_VERIFIED,Unique numeric K identifier; punctuation differs; review against source needed.
K-91,K_91,PROPOSED_NOT_VERIFIED,Unique numeric K identifier; punctuation differs; review against source needed.
K-92,K_92,PROPOSED_NOT_VERIFIED,Unique numeric K identifier; punctuation differs; review against source needed.
K-93,K_93,PROPOSED_NOT_VERIFIED,Unique numeric K identifier; punctuation differs; review against source needed.
K-94,K_94,PROPOSED_NOT_VERIFIED,Unique numeric K identifier; punctuation differs; review against source needed.
K-96,K_96,PROPOSED_NOT_VERIFIED,Unique numeric K identifier; punctuation differs; review against source needed.
K-97,K_97,PROPOSED_NOT_VERIFIED,Unique numeric K identifier; punctuation differs; review against source needed.
