isolate_id,reason
INDIA_ICU2026:K-10,curation_quarantined
INDIA_ICU2026:K-100,curation_quarantined
INDIA_ICU2026:K-101,curation_quarantined
INDIA_ICU2026:K-102,curation_quarantined
INDIA_ICU2026:K-103,curation_quarantined
INDIA_ICU2026:K-104,curation_quarantined
INDIA_ICU2026:K-105,curation_quarantined
INDIA_ICU2026:K-106,curation_quarantined
INDIA_ICU2026:K-107,curation_quarantined
INDIA_ICU2026:K-108,curation_quarantined
INDIA_ICU2026:K-109,curation_quarantined
INDIA_ICU2026:K-11,curation_quarantined
INDIA_ICU2026:K-110,curation_quarantined
INDIA_ICU2026:K-111,curation_quarantined
INDIA_ICU2026:K-112,curation_quarantined
INDIA_ICU2026:K-113,curation_quarantined
INDIA_ICU2026:K-114,curation_quarantined
INDIA_ICU2026:K-115,curation_quarantined
INDIA_ICU2026:K-116,curation_quarantined
INDIA_ICU2026:K-117,curation_quarantined
INDIA_ICU2026:K-118,curation_quarantined
INDIA_ICU2026:K-12,curation_quarantined
INDIA_ICU2026:K-120,curation_quarantined
INDIA_ICU2026:K-122,curation_quarantined
INDIA_ICU2026:K-123,curation_quarantined
INDIA_ICU2026:K-125,curation_quarantined
INDIA_ICU2026:K-128,curation_quarantined
INDIA_ICU2026:K-129,curation_quarantined
INDIA_ICU2026:K-13,curation_quarantined
INDIA_ICU2026:K-131,curation_quarantined
INDIA_ICU2026:K-132,curation_quarantined
INDIA_ICU2026:K-134,curation_quarantined
INDIA_ICU2026:K-136,curation_quarantined
INDIA_ICU2026:K-137,curation_quarantined
INDIA_ICU2026:K-138,curation_quarantined
INDIA_ICU2026:K-139,curation_quarantined
INDIA_ICU2026:K-14,curation_quarantined
INDIA_ICU2026:K-141,curation_quarantined
INDIA_ICU2026:K-142,curation_quarantined
INDIA_ICU2026:K-15,curation_quarantined
INDIA_ICU2026:K-16,curation_quarantined
INDIA_ICU2026:K-17,curation_quarantined
INDIA_ICU2026:K-18,curation_quarantined
INDIA_ICU2026:K-2,curation_quarantined
INDIA_ICU2026:K-25,curation_quarantined
INDIA_ICU2026:K-26,curation_quarantined
INDIA_ICU2026:K-27,curation_quarantined
INDIA_ICU2026:K-28,curation_quarantined
INDIA_ICU2026:K-29,curation_quarantined
INDIA_ICU2026:K-3,curation_quarantined
INDIA_ICU2026:K-30,curation_quarantined
INDIA_ICU2026:K-31,curation_quarantined
INDIA_ICU2026:K-32,curation_quarantined
INDIA_ICU2026:K-33,curation_quarantined
INDIA_ICU2026:K-34,curation_quarantined
INDIA_ICU2026:K-35,curation_quarantined
INDIA_ICU2026:K-37,curation_quarantined
INDIA_ICU2026:K-38,curation_quarantined
INDIA_ICU2026:K-39,curation_quarantined
INDIA_ICU2026:K-4,curation_quarantined
INDIA_ICU2026:K-40,curation_quarantined
INDIA_ICU2026:K-41,curation_quarantined
INDIA_ICU2026:K-42,curation_quarantined
INDIA_ICU2026:K-43,curation_quarantined
INDIA_ICU2026:K-44,curation_quarantined
INDIA_ICU2026:K-45,curation_quarantined
INDIA_ICU2026:K-46,curation_quarantined
INDIA_ICU2026:K-47,curation_quarantined
INDIA_ICU2026:K-48,curation_quarantined
INDIA_ICU2026:K-49,curation_quarantined
INDIA_ICU2026:K-5,curation_quarantined
INDIA_ICU2026:K-50,curation_quarantined
INDIA_ICU2026:K-51,curation_quarantined
INDIA_ICU2026:K-52,curation_quarantined
INDIA_ICU2026:K-53,curation_quarantined
INDIA_ICU2026:K-54,curation_quarantined
INDIA_ICU2026:K-55,curation_quarantined
INDIA_ICU2026:K-56,curation_quarantined
INDIA_ICU2026:K-57,curation_quarantined
INDIA_ICU2026:K-58,curation_quarantined
INDIA_ICU2026:K-59,curation_quarantined
INDIA_ICU2026:K-6,curation_quarantined
INDIA_ICU2026:K-60,curation_quarantined
INDIA_ICU2026:K-61,curation_quarantined
INDIA_ICU2026:K-62,curation_quarantined
INDIA_ICU2026:K-63,curation_quarantined
INDIA_ICU2026:K-64,curation_quarantined
INDIA_ICU2026:K-65,curation_quarantined
INDIA_ICU2026:K-66,curation_quarantined
INDIA_ICU2026:K-67,curation_quarantined
INDIA_ICU2026:K-68,curation_quarantined
INDIA_ICU2026:K-69,curation_quarantined
INDIA_ICU2026:K-7,curation_quarantined
INDIA_ICU2026:K-70,curation_quarantined
INDIA_ICU2026:K-71,curation_quarantined
INDIA_ICU2026:K-72,curation_quarantined
INDIA_ICU2026:K-73,curation_quarantined
INDIA_ICU2026:K-74,curation_quarantined
INDIA_ICU2026:K-75,curation_quarantined
INDIA_ICU2026:K-76,curation_quarantined
INDIA_ICU2026:K-77,curation_quarantined
INDIA_ICU2026:K-78,curation_quarantined
INDIA_ICU2026:K-79,curation_quarantined
INDIA_ICU2026:K-8,curation_quarantined
INDIA_ICU2026:K-80,curation_quarantined
INDIA_ICU2026:K-81,curation_quarantined
INDIA_ICU2026:K-82,curation_quarantined
INDIA_ICU2026:K-83,curation_quarantined
INDIA_ICU2026:K-84,curation_quarantined
INDIA_ICU2026:K-85,curation_quarantined
INDIA_ICU2026:K-86,curation_quarantined
INDIA_ICU2026:K-87,curation_quarantined
INDIA_ICU2026:K-88,curation_quarantined
INDIA_ICU2026:K-89,curation_quarantined
INDIA_ICU2026:K-9,curation_quarantined
INDIA_ICU2026:K-90,curation_quarantined
INDIA_ICU2026:K-91,curation_quarantined
INDIA_ICU2026:K-92,curation_quarantined
INDIA_ICU2026:K-93,curation_quarantined
INDIA_ICU2026:K-94,curation_quarantined
INDIA_ICU2026:K-96,curation_quarantined
INDIA_ICU2026:K-97,curation_quarantined
