isolate_id,source_id,patient_id,duplicate_group,species,country,collection_date,host,specimen,drug,measurement,operator,units,method,platform,standard,standard_version,reported_sir,ndm,oxa48,mechanism_evidence,evidence_class,accession,source_row
SAMN36015110,PRJNA988283,,,Escherichia coli,India,2016-01,Homo sapiens,Urine of the patient,ceftriaxone,128,<,mg/L,MIC,,CLSI,,resistant,unknown,unknown,not_curated,measured_public,SAMN36015110,biosamples_00000.xml:SAMN36015110:1
SAMN36015110,PRJNA988283,,,Escherichia coli,India,2016-01,Homo sapiens,Urine of the patient,ciprofloxacin,128,<,mg/L,MIC,,CLSI,,resistant,unknown,unknown,not_curated,measured_public,SAMN36015110,biosamples_00000.xml:SAMN36015110:2
SAMN36015110,PRJNA988283,,,Escherichia coli,India,2016-01,Homo sapiens,Urine of the patient,colistin,4,>,mg/L,MIC,,CLSI,,nonsusceptible,unknown,unknown,not_curated,measured_public,SAMN36015110,biosamples_00000.xml:SAMN36015110:3
SAMN36015110,PRJNA988283,,,Escherichia coli,India,2016-01,Homo sapiens,Urine of the patient,erythromycin,128,<,mg/L,MIC,,CLSI,,resistant,unknown,unknown,not_curated,measured_public,SAMN36015110,biosamples_00000.xml:SAMN36015110:4
SAMN36015110,PRJNA988283,,,Escherichia coli,India,2016-01,Homo sapiens,Urine of the patient,kanamycin,128,<,mg/L,MIC,,CLSI,,susceptible,unknown,unknown,not_curated,measured_public,SAMN36015110,biosamples_00000.xml:SAMN36015110:5
SAMN36015110,PRJNA988283,,,Escherichia coli,India,2016-01,Homo sapiens,Urine of the patient,levofloxacin,32,<,mg/L,MIC,,CLSI,,resistant,unknown,unknown,not_curated,measured_public,SAMN36015110,biosamples_00000.xml:SAMN36015110:6
SAMN36015110,PRJNA988283,,,Escherichia coli,India,2016-01,Homo sapiens,Urine of the patient,meropenem,128,<,mg/L,MIC,,CLSI,,resistant,unknown,unknown,not_curated,measured_public,SAMN36015110,biosamples_00000.xml:SAMN36015110:7
SAMN36015110,PRJNA988283,,,Escherichia coli,India,2016-01,Homo sapiens,Urine of the patient,minocycline,128,<,mg/L,MIC,,CLSI,,resistant,unknown,unknown,not_curated,measured_public,SAMN36015110,biosamples_00000.xml:SAMN36015110:8
SAMN36015110,PRJNA988283,,,Escherichia coli,India,2016-01,Homo sapiens,Urine of the patient,gentamicin,128,<,mg/L,MIC,,CLSI,,resistant,unknown,unknown,not_curated,measured_public,SAMN36015110,biosamples_00000.xml:SAMN36015110:9
SAMN36015110,PRJNA988283,,,Escherichia coli,India,2016-01,Homo sapiens,Urine of the patient,norfloxacin,128,<,mg/L,MIC,,CLSI,,resistant,unknown,unknown,not_curated,measured_public,SAMN36015110,biosamples_00000.xml:SAMN36015110:10
SAMN36015110,PRJNA988283,,,Escherichia coli,India,2016-01,Homo sapiens,Urine of the patient,rifampin,32,<,mg/L,MIC,,CLSI,,resistant,unknown,unknown,not_curated,measured_public,SAMN36015110,biosamples_00000.xml:SAMN36015110:11
SAMN36015110,PRJNA988283,,,Escherichia coli,India,2016-01,Homo sapiens,Urine of the patient,streptomycin,128,<,mg/L,MIC,,CLSI,,resistant,unknown,unknown,not_curated,measured_public,SAMN36015110,biosamples_00000.xml:SAMN36015110:12
SAMN36015110,PRJNA988283,,,Escherichia coli,India,2016-01,Homo sapiens,Urine of the patient,tobramycin,128,<,mg/L,MIC,,CLSI,,resistant,unknown,unknown,not_curated,measured_public,SAMN36015110,biosamples_00000.xml:SAMN36015110:13
SAMN11638310,PRJNA541219,,,Escherichia coli,India,2016-08,Homo sapiens,urine,ceftriaxone,128,>,mg/L,MIC,,CLSI,,resistant,unknown,unknown,not_curated,measured_public,SAMN11638310,biosamples_00000.xml:SAMN11638310:1
SAMN11638310,PRJNA541219,,,Escherichia coli,India,2016-08,Homo sapiens,urine,amikacin,8,==,mg/L,MIC,,CLSI,,susceptible,unknown,unknown,not_curated,measured_public,SAMN11638310,biosamples_00000.xml:SAMN11638310:2
SAMN11638310,PRJNA541219,,,Escherichia coli,India,2016-08,Homo sapiens,urine,ciprofloxacin,256,==,mg/L,MIC,,CLSI,,resistant,unknown,unknown,not_curated,measured_public,SAMN11638310,biosamples_00000.xml:SAMN11638310:3
SAMN11638310,PRJNA541219,,,Escherichia coli,India,2016-08,Homo sapiens,urine,levofloxacin,32,==,mg/L,MIC,,CLSI,,resistant,unknown,unknown,not_curated,measured_public,SAMN11638310,biosamples_00000.xml:SAMN11638310:4
SAMN11638310,PRJNA541219,,,Escherichia coli,India,2016-08,Homo sapiens,urine,norfloxacin,128,>,mg/L,MIC,,EUCAST,,resistant,unknown,unknown,not_curated,measured_public,SAMN11638310,biosamples_00000.xml:SAMN11638310:5
SAMN11638310,PRJNA541219,,,Escherichia coli,India,2016-08,Homo sapiens,urine,gentamicin,256,==,mg/L,MIC,,CLSI,,resistant,unknown,unknown,not_curated,measured_public,SAMN11638310,biosamples_00000.xml:SAMN11638310:6
SAMN11638310,PRJNA541219,,,Escherichia coli,India,2016-08,Homo sapiens,urine,tobramycin,128,==,mg/L,MIC,,CLSI,,resistant,unknown,unknown,not_curated,measured_public,SAMN11638310,biosamples_00000.xml:SAMN11638310:7
SAMN11638310,PRJNA541219,,,Escherichia coli,India,2016-08,Homo sapiens,urine,erythromycin,256,==,mg/L,MIC,,missing,,not defined,unknown,unknown,not_curated,measured_public,SAMN11638310,biosamples_00000.xml:SAMN11638310:8
SAMN11638310,PRJNA541219,,,Escherichia coli,India,2016-08,Homo sapiens,urine,minocycline,16,==,mg/L,MIC,,CLSI,,resistant,unknown,unknown,not_curated,measured_public,SAMN11638310,biosamples_00000.xml:SAMN11638310:9
SAMN11638310,PRJNA541219,,,Escherichia coli,India,2016-08,Homo sapiens,urine,tetracycline,128,==,mg/L,MIC,,CLSI,,resistant,unknown,unknown,not_curated,measured_public,SAMN11638310,biosamples_00000.xml:SAMN11638310:10
SAMN11638310,PRJNA541219,,,Escherichia coli,India,2016-08,Homo sapiens,urine,tigecycline,128,>,mg/L,MIC,,EUCAST,,resistant,unknown,unknown,not_curated,measured_public,SAMN11638310,biosamples_00000.xml:SAMN11638310:11
SAMN11638310,PRJNA541219,,,Escherichia coli,India,2016-08,Homo sapiens,urine,colistin,32,==,mg/L,MIC,,EUCAST,,resistant,unknown,unknown,not_curated,measured_public,SAMN11638310,biosamples_00000.xml:SAMN11638310:12
SAMN11638310,PRJNA541219,,,Escherichia coli,India,2016-08,Homo sapiens,urine,rifampin,16,==,mg/L,MIC,,missing,,not defined,unknown,unknown,not_curated,measured_public,SAMN11638310,biosamples_00000.xml:SAMN11638310:13
SAMN11638310,PRJNA541219,,,Escherichia coli,India,2016-08,Homo sapiens,urine,streptomycin,16,==,mg/L,MIC,,NARMS,,susceptible,unknown,unknown,not_curated,measured_public,SAMN11638310,biosamples_00000.xml:SAMN11638310:14
SAMN11638310,PRJNA541219,,,Escherichia coli,India,2016-08,Homo sapiens,urine,kanamycin,256,>,mg/L,MIC,,CLSI,,resistant,unknown,unknown,not_curated,measured_public,SAMN11638310,biosamples_00000.xml:SAMN11638310:15
SAMN11638310,PRJNA541219,,,Escherichia coli,India,2016-08,Homo sapiens,urine,meropenem,32,>,mg/L,MIC,,CLSI,,resistant,unknown,unknown,not_curated,measured_public,SAMN11638310,biosamples_00000.xml:SAMN11638310:16
